IDENTIFICADOR_UNICO_FICHA;MODALIDAD_FORMACION;NIVEL_FORMACION;NOMBRE_JORNADA;CODIGO_SECTOR_PROGRAMA;CODIGO_PROGRAMA;DURACION_PROGRAMA;CODIGO_MUNICIPIO_CURSO;TOTAL_APRENDICES;Menores y mayores a 15 activos
1733770;1;5;1;4;228185;1900;622;29;1
1713308;1;5;1;2;842404;2200;1;12;0
1717023;1;5;1;4;228185;1900;75;25;1
1679937;1;6;2;2;513601;3380;1;19;1
1693364;1;5;1;4;228120;1940;1;29;1
1693497;1;5;1;6;122121;1940;318;26;1
1693527;1;5;1;6;122121;1940;318;23;1
1691815;1;5;1;4;839312;1940;1;35;1
1714807;1;5;1;2;842404;2200;1;20;1
1719769;1;5;1;2;832221;2200;513;31;1
1719795;1;5;1;6;122121;1940;1;20;1
1719797;1;5;1;2;832221;2200;513;35;1
1762205;1;5;1;2;834401;2200;1;17;1
1713796;1;5;1;4;228185;1900;355;29;1
1819055;1;1;2;4;86120350;50;1;20;1
1815202;1;1;2;2;84710024;40;455;24;1
1708863;1;5;1;2;831104;2200;1;13;0
1701408;1;5;1;2;831104;2200;1;16;1
1717670;1;5;1;2;226234;1945;256;24;1
1700332;1;5;1;4;228120;1940;532;35;1
1700294;1;5;1;4;228120;1940;532;17;1
1565758;1;5;2;6;861121;1400;1;30;1
1697569;1;5;1;2;832221;2200;256;25;1
1728817;1;5;1;4;228120;1940;532;27;1
1713717;1;5;1;6;122121;1940;1;27;1
1711898;1;5;1;4;228185;1900;473;23;1
1717966;1;5;1;2;832221;2200;573;9;0
1713420;1;5;1;2;226234;1945;355;25;1
1688238;1;5;1;4;228185;1900;780;21;1
1688099;1;5;1;4;228185;1900;780;24;1
1733681;1;5;1;2;832221;2200;1;22;1
1717699;1;5;1;2;832221;2200;1;15;0
1733651;1;5;1;2;832221;2200;1;21;1
1695946;1;5;1;4;228120;1940;450;32;1
1745696;1;1;2;2;52441147;80;256;20;1
1733734;1;5;1;2;226234;1945;1;28;1
1695925;1;5;1;4;228120;1940;450;24;0
1692217;3;5;1;1;761106;1000;110;31;1
1723318;1;5;1;4;228120;1940;290;32;1
1713551;1;5;1;2;226234;1945;355;26;1
1708564;1;5;1;6;838105;1900;1;16;1
1701364;1;5;1;4;228120;1940;1;15;0
1717984;1;5;1;4;228120;1940;1;22;1
1717988;1;5;1;4;228120;1940;1;18;1
1715010;1;5;1;4;228185;1900;693;19;1
1711348;1;5;1;4;228185;1900;548;34;1
1711776;1;5;1;4;228185;1900;318;20;0
1874482;1;5;1;4;228185;1900;1;24;1
1700766;1;5;1;4;228185;1900;548;28;1
1713804;1;5;1;4;228185;1900;455;22;0
1717797;1;5;1;2;832221;2200;573;15;1
1694564;1;5;1;4;228185;1900;807;38;1
1851796;1;1;2;2;83610191;80;318;18;1
1745695;1;1;2;6;52440443;60;1;15;1
1737973;1;1;2;2;52441147;80;256;25;1
1806429;1;1;2;2;52441147;80;1;23;1
1741388;1;1;2;6;83310004;120;807;19;0
1845315;1;1;2;6;13210021;40;1;24;0
1733771;1;5;1;4;228185;1900;622;26;1
1802741;1;1;2;3;12210459;42;1;21;1
1710759;1;5;1;6;835106;2380;1;14;0
1760022;1;5;1;6;122121;1940;1;22;1
1852927;1;5;1;4;228185;1900;1;15;1
1868057;1;1;2;2;22810549;32;1;32;1
1721629;1;5;1;2;832221;2200;1;16;0
1719789;1;5;1;2;832221;2200;548;31;1
1690971;1;5;1;4;228185;1900;318;32;1
1719792;1;5;1;4;228185;1900;1;22;1
1832141;4;1;2;2;83210103;308;137;43;1
1845190;1;1;2;2;52440953;70;548;21;1
1717378;1;5;1;4;228185;1900;824;30;1
1851415;1;1;2;6;83510009;60;743;20;1
1739236;1;1;2;4;13120331;70;573;30;1
1711384;1;5;1;4;228185;1900;22;29;1
1745693;1;1;2;2;83230037;40;517;20;0
1743796;1;5;1;4;228185;1900;50;12;0
1745694;1;1;2;2;22620414;40;1;14;0
1716309;1;5;1;4;228185;1900;355;18;1
1814007;1;1;2;2;86110369;64;548;19;1
1854302;1;1;2;1;22620429;40;1;23;1
1712115;1;5;1;4;228185;1900;517;29;1
1700261;1;5;1;2;935240;1890;807;13;0
1712259;1;5;1;6;122121;1940;1;31;1
1696698;1;5;1;4;228185;1900;1;29;1
1719152;1;5;1;4;228185;1900;110;16;1
1696748;1;5;1;4;228185;1900;1;31;1
1717556;1;5;1;4;228185;1900;585;18;0
1845621;1;1;2;6;13210021;40;1;24;1
1710798;1;5;1;6;941201;1430;1;20;0
1691739;1;5;1;4;228185;1900;1;25;1
1578460;1;6;2;4;524109;3640;1;30;1
1736784;1;1;2;2;52450179;40;100;24;1
1696786;1;5;1;4;228185;1900;517;34;1
1712174;1;5;1;4;228185;1900;517;33;1
1716731;1;5;1;4;228185;1900;1;30;1
1695902;1;5;1;4;228185;1900;1;24;1
1739584;1;1;2;6;13530036;50;845;28;1
1813469;1;1;2;3;52441938;60;1;24;0
1845609;1;1;2;4;52520045;40;1;13;0
1798123;1;1;2;2;83310014;60;622;30;1
1735964;1;5;1;4;228185;1900;548;29;1
1741390;1;1;2;2;22620414;40;1;20;1
1711365;1;5;1;4;228185;1900;1;25;1
1747168;1;1;2;6;84110003;40;698;30;1
1819056;1;1;2;4;11120008;40;1;28;1
1696778;1;5;1;4;228185;1900;256;30;1
1851674;1;1;2;2;21340010;30;1;19;1
1742398;4;1;2;2;52410387;280;392;32;1
1693274;1;5;1;4;228185;1900;318;29;1
1876553;1;1;2;4;84220129;80;1;21;1
1719794;1;5;1;4;228185;1900;1;16;1
1878247;1;1;2;2;52442073;60;1;9;0
1799494;1;1;2;2;86120197;60;573;25;0
1714893;1;5;1;4;228185;1900;573;17;1
1719169;1;5;1;2;935240;1890;807;14;0
1857332;1;1;2;2;93510120;90;1;19;0
1701281;1;5;1;4;228185;1900;548;26;1
1694519;1;5;1;4;228185;1900;256;25;1
1526867;1;5;2;2;226234;1945;1;26;1
1701217;1;5;1;4;228185;1900;548;32;1
1834852;1;1;2;2;52410374;40;1;10;0
1819408;1;1;2;1;66330006;60;698;17;1
1806566;1;1;2;5;22620440;20;1;17;1
1838360;1;1;2;4;84220129;80;1;24;1
1843434;1;1;2;4;13120331;70;1;20;0
1858997;1;1;2;2;83240089;40;1;13;0
1843432;1;1;2;2;83230037;40;455;26;1
1802689;1;1;2;4;22810782;60;1;14;0
1800321;1;1;2;4;51350015;60;807;13;0
1736871;1;1;2;1;22620429;40;513;40;1
1838836;1;1;2;2;83610273;80;1;20;1
1844283;1;1;2;2;22510048;40;1;21;0
1817165;1;1;2;2;52441052;60;1;17;0
1534084;1;5;2;4;228185;1900;450;37;1
1845597;1;1;2;5;22620444;80;1;4;0
1838464;1;1;2;2;22620414;40;1;17;1
1826626;1;1;2;2;22620414;40;698;12;0
1754067;1;1;2;4;13120241;40;100;17;0
1754074;1;1;2;3;52441343;40;807;14;0
1857563;4;1;2;3;2000003;320;532;29;1
1887769;1;1;2;4;63410151;40;318;17;1
1801930;1;1;2;3;83830197;70;22;39;1
1794256;1;1;2;6;66330107;100;318;16;1
1897521;1;1;2;6;84510081;80;1;27;1
1719180;1;1;2;4;83830290;60;807;21;1
1769539;1;1;2;5;22620440;20;1;13;0
1754073;1;1;2;4;13120331;70;1;17;1
1876337;1;1;2;1;93240137;60;318;13;0
1802686;1;1;2;4;13120221;40;1;32;1
1752711;1;1;2;2;52441147;80;130;20;1
1764375;1;1;2;2;83230037;40;824;26;1
1714915;1;1;2;2;52410387;280;696;33;1
1847395;1;1;2;2;86110081;80;1;23;1
1719538;1;1;2;3;6110116;90;1;21;1
1802685;1;1;2;4;84230118;60;1;19;1
1825719;1;1;1;2;22620414;40;1;19;1
1731279;1;1;1;6;22410039;90;1;25;0
1845630;1;1;2;6;13210021;40;1;23;1
1845600;1;1;2;2;52442073;60;1;15;1
1845619;1;1;2;2;21330020;80;1;14;0
1742427;1;1;2;1;93240137;60;318;14;0
1731394;1;1;1;6;83420018;40;1;19;0
1736684;1;1;2;2;93820019;40;1;19;1
1889698;1;1;2;6;41310575;80;355;25;1
1838957;1;1;2;4;13310354;220;318;22;1
1682024;1;1;2;2;21730062;40;1;20;0
1888104;1;1;2;2;83710208;40;845;16;1
1461909;1;5;2;6;834214;1820;1;30;1
1799411;1;1;2;6;66330007;40;318;17;1
1797179;4;1;2;3;51360069;320;1;24;1
1849857;1;1;2;4;52220010;100;1;15;0
1889697;1;1;2;4;84240177;80;1;13;0
1737970;1;1;2;4;52520058;60;1;15;1
1878634;1;1;2;3;83830185;70;585;39;1
1737964;1;1;2;5;41720017;40;318;23;1
1744610;4;1;2;3;2000003;320;1;27;1
1880721;1;1;2;2;83610191;80;318;15;1
1847389;1;1;2;2;86110081;80;1;32;1
1771599;1;1;2;3;21730067;40;130;20;1
1811476;1;1;2;2;52441147;80;1;16;0
1682025;1;1;2;6;22810150;50;1;19;1
1889381;1;1;2;6;84510081;80;1;23;1
1887764;1;1;2;4;63410151;40;318;20;1
1567971;1;5;1;2;838104;1900;1;25;1
1813425;1;1;2;2;52441459;80;1;15;1
1826627;1;1;2;2;86110222;40;1;21;1
1849017;1;1;2;4;13120331;70;1;20;1
1736782;1;1;2;2;52441147;80;1;17;0
1843443;1;1;2;2;21340010;30;1;22;1
1737971;1;1;2;6;22810150;50;1;19;1
1682006;1;1;2;5;13120091;50;100;20;1
1887741;1;1;2;4;52520058;60;1;14;0
1814674;4;1;2;6;52450031;320;785;31;1
1833686;1;1;2;2;52430410;330;1;36;1
1802688;1;1;2;2;83310014;60;212;35;1
1753890;1;1;2;1;22620429;40;1;29;1
1735744;1;1;2;2;93820019;40;1;20;1
1889947;1;1;2;2;82120050;80;573;14;0
1757342;4;1;2;2;52442191;300;22;34;1
1834858;1;1;2;1;22620425;120;256;23;1
1820913;1;1;2;3;83830197;70;22;20;1
1501532;1;5;2;4;228172;1900;548;24;1
1843458;1;1;2;2;22620414;40;1;22;1
1764230;1;1;2;6;84420023;140;845;22;1
1693559;1;1;2;3;13530125;20;698;38;1
1702575;1;1;2;4;22810216;40;142;26;1
1695363;1;1;2;4;52520058;60;1;15;1
1851729;1;1;2;4;84230219;93;1;16;0
1526271;1;5;2;6;861121;1400;1;27;1
1693841;1;1;2;5;22310068;40;1;16;1
1754060;1;1;2;4;22810381;40;290;11;0
1754034;1;1;2;6;66330107;100;318;14;0
1754313;1;1;2;2;52450105;90;1;26;1
1768434;1;1;2;4;52520051;40;1;22;1
1721358;1;1;2;2;12210298;70;1;29;1
1724615;1;1;2;4;13120127;60;212;20;1
1719541;1;1;2;6;84110003;40;1;21;0
1757550;4;1;2;2;52430410;330;743;33;1
1873000;1;1;2;2;11220053;70;1;13;0
1758661;1;1;2;4;22520077;40;318;15;0
1739258;1;1;2;4;13120331;70;698;30;1
1885822;1;1;2;6;13210021;40;1;7;0
1752917;4;1;2;2;93430020;300;807;39;1
1705227;1;1;2;2;21730109;40;1;17;0
1684504;4;1;2;2;83830285;320;50;50;1
1738659;4;1;2;2;83830285;320;1;39;1
1755754;1;1;2;2;22620414;40;1;15;1
1754484;1;1;1;4;22810411;40;1;28;1
1745400;1;1;2;4;84110031;60;397;22;1
1887744;1;1;2;3;83830185;70;137;29;1
1834122;1;1;2;2;83710208;40;300;19;1
1858525;1;1;2;4;13530279;40;698;40;1
1851679;1;1;2;2;52441147;80;1;29;1
1843433;1;1;2;2;22620414;40;1;22;1
1871991;1;1;2;6;84510042;80;573;22;1
1800337;1;1;2;6;13120064;40;807;10;0
1762529;1;1;2;4;83830286;40;212;21;1
1851673;1;1;2;4;13120331;70;1;20;0
1695595;1;1;2;2;86110443;66;807;21;1
1880936;1;1;2;2;22620414;40;1;20;1
1878629;1;1;2;4;22810758;40;1;13;0
1771569;1;1;2;6;22810058;40;355;25;1
1726821;1;1;2;4;52441154;50;100;16;1
1815727;1;1;2;5;41310377;140;1;36;1
1733559;1;1;2;2;22530004;40;318;20;1
1750369;1;1;2;2;84220153;100;1;21;1
1771595;1;1;2;4;13120331;70;1;15;0
1680211;1;1;2;2;52441941;90;1;22;1
1889383;1;1;2;2;83610053;50;1;39;1
1754340;1;1;2;6;13410330;20;548;14;0
1707996;4;1;2;2;93430020;300;743;26;0
1754061;1;1;2;2;11110044;40;1;23;1
1891808;1;1;2;4;63410151;40;809;17;1
1800136;1;1;2;2;83220123;40;318;15;1
1858524;1;1;2;2;83230037;40;698;30;1
1859017;1;1;2;2;83240090;60;1;15;1
1760596;1;1;2;2;22620414;40;1;16;1
1700289;1;1;2;6;22410074;40;1;18;0
1515404;1;5;2;4;228172;1900;1;40;1
1742367;4;1;2;3;13410102;100;743;35;1
1780515;1;1;2;6;22620040;40;1;30;1
1754059;1;1;2;2;93510439;60;1;20;1
1763551;1;1;2;2;52441515;40;1;12;0
1710144;1;1;2;6;22620089;50;1;30;1
1667716;1;1;2;4;84710080;90;455;13;0
1711959;1;1;2;4;13120331;70;1;14;0
1695347;1;1;2;5;41750023;40;1;11;0
1720188;1;1;2;3;21730067;40;698;30;1
1716952;1;1;2;6;13530036;50;573;24;1
1721447;1;1;2;3;13410412;40;1;33;1
1739332;1;1;2;4;13120331;70;573;29;1
1367342;1;6;2;6;228181;3885;137;17;1
1774309;1;1;2;4;52520055;60;1;20;1
1763040;4;1;2;2;83830285;320;22;42;1
1889380;1;1;2;4;83820049;40;1;21;1
1890384;4;1;2;2;83420137;64;1;12;0
1765469;1;1;2;6;41310120;60;100;12;0
1737960;1;1;2;2;22620414;40;573;17;1
1741374;1;1;2;6;83320004;100;1;22;1
1689636;1;1;2;2;12210480;60;532;15;0
1548380;1;5;3;4;228185;1900;1;12;0
1704173;1;1;2;5;13120456;40;1;10;0
1783220;1;1;2;5;22620440;20;1;34;1
1878636;1;1;2;4;86120350;50;1;22;1
1783195;1;1;2;6;22810120;40;1;25;1
1742364;1;1;2;6;83310004;120;130;26;1
1887743;1;1;2;4;11220066;50;1;15;0
1719540;1;1;2;1;93240129;60;1;22;1
1587376;1;4;1;1;733186;880;1;20;1
1762617;1;1;2;4;13120325;40;1;34;1
1762528;1;1;2;4;13120331;70;1;19;0
1531162;1;5;2;4;228185;1900;397;43;1
1695360;1;1;2;4;83830286;40;1;27;1
1762451;1;1;2;2;86120197;60;573;21;0
1738134;1;1;2;2;83930040;40;743;27;1
1567442;1;5;2;6;821225;1775;573;34;1
1880865;1;1;2;2;83710208;40;845;18;1
1754348;1;1;2;6;13120046;60;1;13;0
1750247;1;1;2;4;52520059;80;698;27;1
1878183;1;1;2;2;84220293;60;1;25;0
1738136;1;1;2;4;13120331;70;212;23;1
1735788;1;1;2;5;22520090;40;318;15;0
1471468;1;5;2;4;228172;1900;743;41;1
1871747;1;1;2;4;13120438;40;1;10;0
1753888;1;1;2;6;13410330;20;548;15;0
1758515;1;1;2;6;22620040;40;1;26;1
1694743;1;1;1;6;84240065;60;1;11;0
1456194;1;5;2;6;861121;1400;1;30;1
1711570;1;5;2;6;842405;2200;1;20;0
1766622;1;1;2;4;83830290;60;22;27;1
1711924;1;1;2;6;52440445;60;807;22;1
1822998;1;1;2;5;13410560;40;1;22;1
1739007;1;1;2;2;84220293;60;1;13;0
1695343;1;1;2;1;22620424;40;1;20;1
1889382;1;1;2;2;22310138;60;1;39;1
1890708;1;1;2;2;86120157;40;318;16;1
1739253;1;1;2;4;13120331;70;573;33;1
1888982;1;1;2;5;12210513;40;1;17;1
1878628;1;1;2;2;52440804;40;1;19;1
1711928;1;1;2;4;21720162;80;130;20;1
1714992;1;1;2;6;13210021;40;399;16;1
1755178;1;1;2;4;83810317;40;1;18;1
1742365;1;1;2;6;83310004;120;392;28;1
1687999;1;1;2;2;22620414;40;392;16;1
1889710;1;1;2;2;83610403;90;1;19;1
1784406;1;1;2;6;52440445;60;1;20;1
1754338;1;1;2;2;84220171;40;1;10;0
1738158;1;1;2;3;12210426;40;1;24;1
1753892;1;1;2;6;22810058;40;473;23;1
1781694;1;1;2;4;13120242;60;318;24;1
1697338;1;1;2;3;13530125;20;698;31;1
1871746;1;1;2;4;63210016;30;1;13;0
1483880;1;5;2;6;228120;1940;1;21;0
1739044;1;1;2;4;86120350;50;1;18;1
1679568;1;1;2;3;22810756;60;256;32;1
1885830;1;1;2;6;22620050;40;548;16;1
1738981;1;1;2;2;41310745;100;743;27;1
1711921;1;1;2;2;93510439;60;1;12;0
1800098;5;1;1;2;52410373;40;1;21;1
1689633;1;1;2;6;13530036;50;743;17;1
1802673;1;1;2;4;83810317;40;1;16;1
1687044;1;5;2;2;226234;1945;1;20;1
1811338;1;1;2;4;13120260;40;318;23;1
1681966;1;1;2;6;13120046;60;1;22;0
1820350;1;1;2;1;62330152;200;1;27;1
1704366;1;1;2;2;52441147;80;256;20;1
1749825;1;1;2;4;21720166;90;1;19;1
1689628;1;1;2;3;52441413;70;1;30;1
1677644;4;1;2;2;83210103;308;693;33;1
1878205;1;1;2;4;11110098;40;1;20;1
1788528;1;1;2;2;83420093;120;573;39;1
1878255;1;1;2;2;52440804;40;1;18;1
1679698;1;1;2;1;66330006;60;807;28;1
1504927;1;5;2;6;832221;1475;1;28;1
1691191;1;1;2;2;22510048;40;1;20;1
1729289;1;1;2;4;52520058;60;1;14;0
1456131;1;5;2;2;838104;1900;1;30;1
1689554;1;1;2;4;13120331;70;1;20;1
1875551;1;1;2;3;83830197;70;75;24;1
1700365;1;1;2;2;52410387;280;318;29;1
1705222;1;1;2;6;52410073;50;397;11;0
1676486;4;1;2;2;83830285;320;399;35;1
1783216;1;1;2;2;21120017;40;1;23;1
1704194;1;1;2;4;52520045;40;1;16;0
1694740;1;1;2;2;52450205;40;1;27;1
1792499;1;1;2;2;96151318;56;698;16;0
1815934;1;1;2;2;21340010;30;1;16;1
1728974;1;1;2;6;83510009;60;1;19;1
1889416;1;1;2;6;13210268;40;1;13;0
1878626;1;1;2;1;22620425;120;1;22;1
1820352;1;1;2;1;93240130;40;1;17;1
1681102;1;1;2;5;13120456;40;1;15;0
1760671;1;1;2;5;52410235;60;1;7;0
1680681;1;1;2;2;83930101;50;1;15;0
1740881;1;1;2;4;52520045;40;50;17;0
1889351;1;1;2;6;13210268;40;1;18;1
1682007;1;1;2;5;13120091;50;100;19;1
1709389;1;1;2;4;62120129;80;418;21;1
1753697;1;1;2;4;11220066;50;1;12;0
1876611;1;1;2;4;96150300;20;698;27;1
1757490;1;1;2;4;33130077;72;807;20;1
1889486;1;1;2;4;86120350;50;1;11;0
1711957;1;1;2;4;13120331;70;1;17;1
1754337;1;1;2;3;12210426;40;1;28;1
1819064;1;1;2;6;52430030;100;743;23;1
1660445;1;6;2;6;525203;3360;1;37;1
1473906;1;5;2;6;832221;1475;513;29;1
1685403;4;1;2;2;52442191;300;517;24;1
1677613;1;1;2;2;84220230;70;1;17;0
1829559;4;1;2;2;83830285;320;256;24;1
1698065;1;1;1;5;13120456;40;1;20;0
1690377;1;1;2;2;21330020;80;1;40;1
1678240;1;1;2;3;12210426;40;1;30;1
1690376;1;1;2;4;13120331;70;1;22;1
1818135;4;1;2;4;13530494;330;355;38;1
1671201;1;1;2;3;21730067;40;1;25;1
1720265;1;1;2;4;22810381;40;698;24;1
1871740;1;1;2;3;12210426;40;1;15;0
1709404;1;1;2;2;22620414;40;573;14;0
1724914;1;1;2;6;84510042;80;455;25;1
1675135;1;1;2;2;52441147;80;807;14;0
1678471;1;1;2;2;52450408;60;1;24;1
1678192;4;1;2;2;93430020;300;50;34;1
1709405;1;1;2;1;66330006;60;130;27;1
1675127;1;1;2;5;12210516;40;1;19;0
1681967;1;1;2;4;21730162;80;1;29;0
1682019;1;1;2;4;22810381;40;355;25;1
1795967;1;1;2;6;13530036;50;573;19;0
1731237;1;1;2;4;21450062;80;397;29;1
1678263;1;1;2;4;93240094;40;318;6;0
1716079;1;1;2;6;41310120;60;1;27;1
1815924;1;1;2;5;13210302;40;1;32;1
1731266;1;1;2;6;22410039;90;1;25;1
1820351;1;1;2;6;22620050;40;1;29;1
1688434;1;1;2;6;41310120;60;1;12;0
1689592;1;1;2;2;52441147;80;256;25;1
1823782;1;1;2;4;84240164;80;1;15;1
1678466;1;1;2;3;83830197;70;290;25;1
1711948;1;1;2;5;13210303;40;473;21;1
1730452;1;5;2;4;228185;1900;573;29;1
1742371;1;1;2;5;13210303;40;473;22;1
1798245;1;1;2;5;76120002;60;698;24;0
1714287;1;1;2;4;22810381;40;698;27;1
1684424;1;1;2;2;84220230;70;1;22;1
1732104;1;1;2;4;52520045;40;1;17;0
1808570;1;1;2;5;22620440;20;1;17;1
1823774;1;1;2;2;22620414;40;1;17;1
1678215;1;1;1;4;22810411;40;1;12;0
1679603;1;4;2;2;836121;885;1;27;1
1825168;1;1;2;4;84710080;90;455;24;1
1681997;1;1;2;6;41310120;60;1;21;1
1692479;1;1;2;4;13120331;70;130;13;0
1675609;4;1;2;2;21330023;330;399;48;1
1878254;1;1;2;5;13120126;32;473;19;1
1814015;1;1;2;2;21340010;30;1;13;0
1737983;1;1;2;3;12210426;40;807;27;1
1711961;1;1;2;2;52441147;80;1;19;1
1711926;4;1;2;4;21720162;80;130;13;0
1669516;1;1;2;3;33130121;30;1;13;0
1727093;1;1;2;2;52441147;80;130;26;0
1827414;1;1;2;2;22620414;40;1;24;1
1714993;1;1;2;6;13210021;40;399;16;1
1681637;1;1;2;6;13530036;50;845;25;0
1819804;1;1;2;4;63410151;40;318;15;1
1483653;1;5;2;4;228172;1900;1;20;1
1725157;1;1;2;2;52450105;90;1;25;1
1688443;1;1;2;2;83930101;50;1;20;1
1673562;1;1;2;2;93510120;90;1;19;1
1713789;1;5;1;4;228185;1900;455;36;1
1636146;1;5;1;2;834401;2200;1;10;0
1700436;1;1;2;3;52441938;60;1;20;0
1686491;1;5;2;2;836114;1940;1;36;1
1849202;4;1;2;6;83310004;120;622;15;0
1684462;1;1;2;4;86120350;50;807;27;1
1720468;4;1;2;2;84240136;280;809;24;1
1711424;1;1;2;2;52441147;80;1;33;1
1681873;1;1;2;3;52441938;60;1;22;1
1704356;1;1;2;3;22810756;60;548;22;1
1678209;1;1;1;3;12210426;40;1;30;1
1682013;1;1;2;2;22620414;40;573;21;1
1727084;1;1;2;4;62120129;80;548;31;1
1732782;1;1;2;2;52441147;80;1;20;1
1679471;1;5;2;2;841105;2200;1;38;1
1827395;1;1;2;4;83730040;40;698;25;0
1690398;1;1;2;2;83220123;40;1;25;1
1813478;1;1;2;3;13410412;40;1;15;1
1815402;1;1;2;4;22620182;40;698;18;1
1719539;1;1;2;2;41310745;100;1;25;1
1681981;1;1;2;4;21730162;80;1;29;0
1828804;1;1;2;2;52440953;70;1;21;1
1807580;1;1;2;4;13120221;40;1;19;1
1732273;1;1;2;2;22510048;40;1;16;1
1682011;1;1;2;2;93240138;80;1;19;1
1473530;1;5;2;4;228172;1900;256;32;1
1732745;1;1;2;2;83220172;100;1;23;1
1473944;1;5;2;6;832221;1475;513;29;1
1811488;1;1;2;2;52441147;80;760;21;1
1488455;1;5;2;6;838105;1900;1;19;1
1693598;1;1;2;4;86120350;50;1;16;1
1682022;1;1;2;4;13120331;70;1;15;0
1689587;1;1;2;3;51350013;60;807;13;0
1729274;1;1;2;6;22510009;40;1;13;0
1660431;1;6;2;4;228106;3410;1;30;1
1679904;1;1;2;2;21450156;250;693;35;1
1826623;1;1;2;6;52440001;40;1;16;1
1719147;1;1;2;2;41311120;80;1;15;0
1716053;1;1;2;6;13210021;40;399;15;1
1821166;1;1;2;4;12210236;20;1;33;1
1637270;1;5;1;2;831104;2200;1;12;0
1477927;1;5;2;4;228172;1900;1;22;0
1669648;1;1;2;2;22620414;40;1;21;1
1716582;1;1;2;2;83220172;100;807;15;0
1682728;4;1;2;2;86110498;360;517;42;1
1689921;1;1;2;2;52441147;80;1;11;0
1686869;1;5;2;4;228185;1900;743;28;1
1732357;4;1;2;3;13410102;100;743;17;1
1817005;1;1;2;2;22620414;40;1;26;1
1722497;1;1;2;4;83820049;40;1;21;1
1737981;1;1;2;6;13410090;40;256;32;1
1823814;1;1;2;4;63410151;40;318;18;1
1819049;1;1;2;5;22620440;20;1;15;1
1719163;1;1;2;2;22310138;60;318;22;1
1800338;1;1;2;6;13120064;40;807;10;0
1832118;1;1;2;2;83610191;80;318;17;1
1738135;1;1;2;4;22810454;40;100;23;1
1694635;1;1;2;4;84920079;40;698;18;0
1740952;1;1;2;2;6110039;100;573;33;1
1718009;1;1;2;4;86120350;50;1;20;1
1804020;1;1;2;2;83220219;220;573;36;0
1716585;1;1;2;2;93510439;60;1;29;1
1822142;1;1;2;2;22620414;40;1;27;1
1710136;1;1;2;3;83830185;70;622;11;0
1831186;1;1;2;6;13120033;40;355;18;1
1795545;1;1;2;5;3000035;40;473;24;1
1680530;1;1;2;2;22510024;40;1;20;0
1494240;1;5;3;4;228172;1900;1;28;1
1815923;1;1;2;6;22520051;40;1;16;0
1674844;4;1;2;5;83250023;308;378;45;1
1703680;1;1;2;4;13120242;60;318;28;0
1687994;1;1;2;2;52441147;80;1;11;0
1681826;1;1;2;2;52450400;90;100;31;1
1719524;1;1;2;5;41750023;40;1;5;0
1892995;1;1;2;4;83830290;60;130;38;1
1479644;1;5;2;6;832221;1475;513;45;1
1693599;1;1;2;4;83820049;40;1;16;1
1675122;1;1;2;4;21730080;100;1;14;0
1811494;1;1;2;4;12210211;40;698;23;0
1719105;1;1;2;6;52450045;60;1;30;1
1688637;1;1;1;4;13120331;70;1;27;1
1730593;1;5;2;4;637201;2200;533;55;1
1732291;1;1;2;3;22320034;70;1;43;1
1691175;1;1;2;1;66330006;60;807;30;1
1490659;1;5;2;6;524415;1830;1;17;0
1690383;1;1;2;5;41310377;140;1;40;1
1672413;1;1;2;2;52450347;60;807;20;0
1474789;1;5;2;6;228120;1940;1;43;1
1327358;1;6;2;4;217211;3840;1;26;1
1828776;1;1;1;2;41310745;100;1;23;1
1813419;1;1;2;4;83920032;80;1;17;1
1828338;1;1;1;6;86110372;80;1;11;0
1685999;1;1;2;4;33130024;40;1;16;1
1717970;1;1;2;6;52450015;120;256;19;0
1696017;1;1;2;6;83230006;40;318;20;1
1721446;1;1;2;3;13410412;40;1;31;1
1805051;1;1;2;6;22510009;40;1;16;1
1805749;1;1;1;4;12210236;20;1;25;1
1721439;1;1;2;6;22420017;40;1;18;1
1822948;1;1;2;6;86110020;80;807;17;1
1719411;1;1;2;1;76130595;40;698;25;1
1822947;1;1;2;6;52440021;60;1;20;0
1806408;1;1;2;3;83830185;70;1;43;1
1725518;1;1;2;1;66330006;60;318;17;1
1672338;1;5;2;4;832415;2200;1;24;0
1802693;1;1;2;6;52442194;300;1;26;1
1679109;1;5;2;2;836222;1940;1;38;1
1721449;1;1;2;2;52442073;60;1;16;1
1697915;1;5;2;2;821225;2200;1;21;1
1681728;1;1;2;5;22310068;40;548;31;1
1446456;1;6;2;2;223310;3880;845;40;1
1710133;1;1;2;2;52441147;80;1;20;1
1722202;1;1;2;3;13120287;40;698;15;1
1817304;1;1;2;6;83220020;40;318;13;0
1716736;4;1;2;3;2000003;320;824;35;1
1840152;4;1;2;2;83830285;320;807;30;1
1635857;1;5;1;2;834401;2200;1;23;0
1798132;1;1;2;2;21330020;80;1;16;0
1470508;1;5;2;4;228172;1900;1;27;1
1722230;1;1;2;4;12210506;20;698;15;1
1730667;1;1;2;2;21330020;80;1;15;1
1676274;4;1;2;2;52442191;300;399;49;1
1690694;1;1;2;6;63210002;60;1;28;1
1742366;1;1;2;5;41750023;40;1;26;1
1737957;1;1;2;5;22510037;40;1;25;1
1580487;1;6;2;6;224130;3110;1;32;1
1692462;1;1;2;4;13120242;60;212;33;1
1800312;1;1;2;3;52441379;40;807;12;0
1872074;1;1;2;4;84710080;90;212;25;1
1811272;1;1;2;2;52442073;60;256;15;1
1692461;1;1;2;4;13120242;60;212;36;1
1731284;1;1;2;6;83610021;40;1;33;1
1430268;1;6;1;6;228181;3885;1;24;0
1692478;1;1;2;6;22410074;40;1;20;1
1845633;1;1;2;6;13210021;40;1;12;0
1800333;1;1;2;6;22620050;40;1;23;1
1831189;1;1;2;6;52270001;60;1;21;1
1677602;1;1;2;6;84110003;40;573;18;0
1720467;1;1;2;2;22510127;40;318;22;1
1704581;1;1;2;6;13530036;50;698;31;1
1492331;1;5;2;6;831104;1500;1;13;0
1709397;1;1;2;2;22620414;40;1;22;1
1833059;1;1;2;2;41310744;40;256;21;1
1860643;1;1;2;2;22510127;40;548;18;1
1709400;1;1;2;6;22810168;32;256;14;0
1478797;1;5;2;4;228172;1900;532;36;1
1800122;1;1;2;2;83210027;40;318;15;1
1719514;1;1;2;4;11110098;40;548;24;1
1834105;1;1;2;6;93510008;40;1;17;1
1811249;1;1;2;2;52442073;60;256;19;1
1806298;1;1;1;4;13120325;40;1;25;1
1743510;1;1;2;4;13120438;40;318;18;0
1823881;1;1;2;4;84920079;40;845;26;1
1797810;1;1;2;2;52450408;60;1;30;1
1334152;1;6;2;6;525203;3360;743;36;1
1721440;1;1;2;4;86120350;50;1;17;1
1485016;1;5;2;6;841101;1710;1;35;1
1805141;1;1;2;6;84510042;80;455;27;1
1730232;1;1;2;2;22620414;40;1;19;1
1713793;1;1;2;6;52450045;60;1;23;1
1625412;1;5;1;4;228185;1900;1;28;1
1694737;1;1;2;2;52441515;40;1;25;1
1798134;1;1;2;4;63210016;30;1;11;0
1806428;1;1;2;2;52442073;60;1;13;0
1676094;4;1;2;6;52450031;320;75;36;1
1800335;1;1;2;4;13120242;60;807;16;1
1477898;1;5;2;6;228120;1940;1;31;0
1675031;1;1;2;1;83730044;350;693;22;1
1499382;1;6;2;4;228106;3410;1;28;0
1505829;1;5;2;4;228172;1900;693;30;0
1797402;4;1;2;2;86110491;360;137;44;1
1722792;1;1;2;6;13530036;50;698;20;0
1485364;1;5;2;4;228172;1900;807;41;1
1689555;1;1;2;6;22810150;50;1;17;1
1721823;1;1;2;2;12210507;60;1;10;0
1684880;1;1;2;4;52520058;60;1;9;0
1682729;4;1;2;2;86110491;360;693;43;1
1799307;1;1;2;2;22620414;40;1;18;1
1831188;1;1;2;4;22810454;40;1;32;1
1815908;1;1;2;2;22620414;40;1;25;1
1730590;1;5;2;4;637201;2200;100;36;1
1719442;1;1;2;2;84710024;40;698;20;0
1851343;1;1;2;6;22620036;40;698;29;0
1724919;1;1;1;5;13120456;40;1;15;0
1857482;1;1;2;4;12210211;40;1;20;1
1543156;1;5;2;4;228185;1900;1;12;0
1870686;1;1;2;6;22620050;40;1;23;1
1752717;1;1;2;2;41310885;80;1;19;0
1721448;1;1;2;6;52410071;50;1;22;1
1851942;4;1;2;3;86110500;330;1;32;1
1851472;1;1;2;2;52440953;70;1;20;1
1732368;1;1;2;4;83820049;40;1;22;1
1768445;1;1;2;2;22430072;50;1;15;0
1898573;1;1;2;6;21710006;30;1;13;0
1681194;1;1;2;6;13530036;50;573;25;1
1691174;1;1;2;3;12210426;40;473;22;0
1695364;1;1;2;4;52520058;60;1;20;1
1891867;4;1;2;4;52520060;80;1;23;1
1741657;1;1;2;2;86120197;60;573;22;0
1896178;1;1;2;1;22620429;40;1;21;1
1681703;1;1;2;3;83830197;70;1;19;1
1851470;1;1;2;2;52440953;70;1;24;1
1675137;1;1;2;2;84240031;40;1;12;0
1714989;1;1;2;4;13120331;70;1;22;1
1800344;4;1;2;2;51240073;40;1;14;0
1809237;1;1;2;5;22620440;20;1;18;1
1848446;1;1;2;6;22310061;40;1;38;1
1893928;1;1;2;2;52441147;80;1;28;1
1803590;1;1;2;6;83220038;60;1;22;1
1798117;1;1;2;2;83610131;60;548;19;1
1755023;1;1;2;4;83830290;60;1;24;1
1691180;1;1;2;2;52441147;80;807;17;1
1719555;1;1;2;6;22410074;40;1;14;0
1736702;1;1;2;6;21730066;40;1;15;0
1725135;1;1;2;4;22220140;360;1;17;1
1506945;1;5;2;4;228172;1900;1;27;1
1831187;1;1;2;5;13120456;40;355;17;1
1805054;1;1;2;2;22510096;40;1;18;0
1731133;1;1;2;6;21710021;40;355;16;1
1849840;1;1;2;2;83610400;80;1;19;1
1845314;1;1;2;2;52440953;70;1;25;0
1868058;1;1;2;5;52250023;40;1;15;0
1579690;1;6;1;6;821226;3880;1;35;1
1716712;4;1;2;2;52442191;300;50;33;1
1825697;1;1;1;2;83420093;120;573;32;1
1328026;1;6;1;6;224130;3110;1;37;1
1898091;1;1;2;2;83610163;40;1;21;0
1851454;1;1;2;4;22810782;60;1;13;0
1893856;1;1;2;4;13120127;60;743;31;1
1675315;1;1;2;2;83830285;320;378;50;1
1728983;1;1;2;4;13120438;40;548;14;0
1881734;1;1;2;5;13410560;40;1;20;1
1739252;1;1;2;4;13120331;70;573;52;1
1727381;1;5;2;4;637201;2200;364;45;1
1685101;1;5;2;4;228185;1900;355;42;1
1732358;1;1;2;2;22620414;40;1;17;1
1801170;1;1;2;2;93530101;90;1;25;1
1740975;1;1;2;6;12230007;50;1;10;0
1675134;1;1;2;2;93920030;100;1;20;1
1826635;1;1;2;2;21120017;40;1;19;1
1805734;4;1;2;2;52442191;300;137;33;1
1893918;1;1;2;2;52441147;80;1;19;1
1855549;1;1;2;2;83220172;100;1;24;1
1695344;1;1;2;4;83830286;40;807;32;1
1695656;1;5;2;2;836114;1940;807;21;1
1897146;1;1;2;4;63410151;40;318;15;1
1695346;1;1;2;2;86110169;290;397;21;1
1822544;1;1;1;4;52441922;120;1;27;1
1676119;4;1;2;2;52430410;330;378;45;1
1682404;1;5;2;2;821225;2200;1;28;1
1898709;1;1;2;2;22620414;40;1;9;0
1898991;1;2;2;4;821236;880;1;25;1
1894874;1;1;2;2;83710208;40;698;23;1
1681090;1;1;2;2;22510048;40;1;25;1
1885820;1;1;2;4;83830290;60;1;33;1
1677502;1;1;2;1;93240137;60;318;21;1
1878184;1;1;2;4;83920032;80;1;14;0
1629981;1;5;2;2;837126;2200;142;24;1
1758646;1;1;2;4;22520077;40;318;16;0
1797680;1;1;2;2;83230037;40;1;20;0
1709402;1;1;2;3;12210426;40;1;29;1
1629964;1;5;1;4;838314;1760;1;23;1
1798133;1;1;2;4;22620374;70;1;23;1
1735742;1;1;2;2;52410128;40;1;16;1
1780992;1;1;2;4;22810249;40;698;24;0
1681128;1;1;2;4;13120331;70;1;18;1
1870720;1;1;2;4;83830286;40;845;48;1
1759779;1;1;2;1;76130595;40;455;25;1
1579633;1;6;2;6;223219;3740;1;37;1
1729276;1;1;2;6;22410074;40;1;17;1
1813417;1;1;2;2;21730062;40;1;12;0
1629155;1;6;2;4;228183;3840;1;20;1
1691502;1;1;2;2;22510127;40;318;17;0
1849858;1;1;2;6;52450045;60;473;31;0
1681298;1;6;2;6;821226;3880;1;31;1
1878246;1;1;2;2;52440953;70;1;23;1
1688450;1;1;2;4;86110359;60;1;18;1
1679976;1;5;2;4;228185;1900;290;30;1
1461908;1;5;2;6;861121;1400;1;32;1
1731256;1;1;1;6;22410074;40;1;16;1
1898574;1;1;2;6;13210027;60;1;13;0
1690385;5;1;2;5;41310377;140;1;36;1
1898078;1;1;2;4;13310182;40;1;15;1
1898362;1;1;2;6;84110003;40;698;14;0
1755569;4;1;2;2;21330023;330;212;93;1
1718093;1;1;1;5;12210516;40;1;26;1
1885796;1;1;2;6;83320004;100;1;17;1
1728953;1;1;2;6;13210268;40;1;24;1
1690392;1;1;2;6;52410071;50;397;11;0
1679559;1;1;2;3;22810756;60;256;32;1
1676385;4;1;2;2;52430410;330;693;41;1
1806896;1;1;2;5;22620440;20;1;16;1
1849422;1;1;2;4;13120331;70;1;27;1
1704364;1;1;2;6;22410074;40;1;19;1
1689625;1;1;2;5;22510037;40;397;10;0
1464909;1;5;1;2;226234;1945;1;36;1
1464917;1;5;2;4;228172;1900;212;25;1
1798135;1;1;2;4;51310026;40;1;30;0
1583879;1;5;2;2;834214;2200;1;25;1
1879657;1;1;2;2;82120024;40;698;21;1
1805114;1;1;2;4;13120127;60;585;23;1
1692537;1;1;2;2;22310138;60;318;14;0
1526106;1;5;2;4;228185;1900;318;38;1
1690387;1;1;2;2;12210480;60;548;20;1
1759661;1;1;2;4;13310393;80;318;22;1
1753918;1;1;2;2;22620414;40;1;18;1
1689594;1;1;2;2;52442200;40;1;26;1
1892974;1;1;2;6;41310120;60;1;17;0
1897512;1;1;2;4;84240165;60;1;10;0
1727150;1;1;2;3;13120287;40;698;41;1
1721208;1;1;2;6;13530036;50;300;27;0
1800348;4;1;2;6;41310120;60;1;19;1
1889699;1;1;2;6;41311069;80;1;13;0
1675133;1;1;2;6;63210014;20;397;24;1
1692552;1;1;2;3;13410413;40;698;34;1
1871926;1;1;2;4;84920079;40;300;21;1
1829780;1;1;2;2;84230194;50;1;19;1
1689595;1;1;2;4;86110359;60;1;22;1
1879490;1;1;2;6;22620036;40;698;25;1
1868145;1;1;2;2;22620414;40;1;19;1
1695282;1;1;2;5;52250023;40;1;19;0
1725153;1;1;2;3;12210426;40;399;16;1
1677612;1;1;2;6;52450045;60;1;18;0
1819799;1;1;2;4;63410151;40;318;13;0
1813430;1;1;2;4;83830286;40;585;33;1
1797403;4;1;2;2;86110491;360;1;35;0
1754050;1;1;2;4;13120241;40;100;20;1
1743580;1;1;2;6;83220038;60;1;23;1
1365882;1;6;1;6;228106;3410;1;28;1
1711935;1;1;2;2;21330020;80;1;34;1
1893851;1;1;2;2;22620414;40;1;20;1
1415797;1;5;2;4;228172;1900;1;24;1
1679974;1;5;2;4;228185;1900;622;30;1
1830115;4;1;2;2;84240136;280;780;28;1
1800093;1;1;2;2;83230020;40;318;15;1
1871987;1;1;2;2;83710208;40;698;19;1
1728968;1;1;2;2;52441147;80;1;23;1
1898086;1;1;2;4;83830286;40;137;38;1
1753255;1;5;2;2;935240;1890;1;27;1
1680799;1;1;2;4;13310182;40;318;22;1
1896188;1;1;2;4;83920032;80;1;23;1
1678640;1;1;1;2;84310049;40;318;18;0
1889569;1;1;2;4;12210211;40;1;32;1
1801167;1;1;2;2;22410185;80;1;18;1
1813045;1;6;2;6;225302;3760;1;30;1
1849199;1;1;2;6;83310004;120;212;17;0
1332244;1;6;2;2;217307;3480;1;12;0
1831337;1;1;2;6;84510042;80;142;18;1
1851482;1;1;2;2;82180017;60;1;38;1
1675605;4;1;2;6;52442194;300;378;39;1
1806406;1;1;2;2;21730122;40;548;30;1
1884835;1;1;2;2;83710208;40;698;24;1
1365890;1;6;2;6;228106;3410;100;27;0
1720167;1;1;2;2;22620414;40;1;16;1
1825160;1;1;2;4;84710080;90;212;26;1
1468463;1;5;3;2;838104;1900;1;19;0
1711441;1;1;2;4;13120241;40;318;26;0
1897517;1;1;2;2;22510048;40;1;20;0
1753869;1;1;2;6;21730045;40;548;18;1
1629966;1;6;2;6;525203;3360;1;32;1
1818061;1;1;2;6;66330007;40;1;20;1
1812995;1;6;2;6;223118;3480;1;25;1
1499540;1;5;2;2;935240;1890;807;23;0
1798113;1;1;2;4;13120331;70;1;15;0
1737588;1;1;2;3;83830185;70;1;22;0
1738717;4;1;2;1;83730044;350;548;43;1
1736336;1;1;2;6;41310120;60;1;26;1
1728955;1;1;2;6;41310121;60;1;11;0
1854293;1;1;2;2;52441147;80;1;15;1
1684464;1;1;2;4;83820049;40;807;27;1
1851441;1;1;2;3;83830197;70;1;31;1
1807581;1;1;2;4;52441154;50;1;24;1
1798112;1;1;2;6;22810150;50;1;17;1
1779990;1;1;2;4;52520054;40;1;23;1
1878642;1;1;2;4;86120350;50;1;20;1
1756209;1;1;2;6;41310121;60;1;19;1
1733769;1;1;2;2;22530004;40;318;22;1
1875548;1;1;2;6;22510006;40;1;18;1
1695988;1;1;2;6;83220038;60;807;11;0
1885778;1;1;2;6;83610204;80;548;18;1
1802866;4;1;2;5;83250023;308;573;20;1
1681988;4;1;2;1;93240132;80;1;21;1
1737979;1;1;2;2;52410367;40;1;7;0
1762526;1;1;2;4;86120350;50;1;17;1
1579685;1;6;2;6;525201;3310;1;35;1
1878261;1;1;2;2;52440804;40;1;19;1
1800140;5;1;1;4;22810411;40;1;12;0
1721455;1;1;2;2;52441147;80;1;17;1
1845191;1;1;2;6;22520051;40;1;17;0
1771583;1;1;2;4;13120241;40;100;20;1
1503024;1;5;2;4;228172;1900;1;38;1
1776744;1;1;2;6;52450045;60;1;23;1
1801695;1;1;2;6;41310120;60;455;18;0
1737967;1;1;2;6;22810150;50;1;18;1
1857975;1;1;2;4;22620372;40;1;21;1
1660434;1;6;2;5;621201;3610;1;42;1
1691189;1;1;2;4;86120350;50;1;19;1
1807583;1;1;2;2;22310138;60;397;36;1
1753894;1;1;2;5;3000035;40;1;26;1
1629136;1;6;2;6;224208;3720;1;19;0
1779599;1;1;2;4;22810381;40;698;24;1
1830629;1;1;1;1;22620425;120;1;18;1
1812679;4;1;2;2;52410387;280;785;45;1
1721500;1;1;2;6;83220038;60;807;24;1
1857844;1;1;2;4;13120331;70;1;18;0
1870256;1;1;2;6;22620036;40;698;20;1
1399365;1;6;2;6;821226;3880;1;31;0
1896189;1;1;2;4;52441595;40;1;17;1
1800320;1;1;2;3;52441343;40;807;17;1
1871984;1;1;2;4;84920079;40;698;11;0
1889436;1;1;2;2;52440953;70;1;23;1
1823781;1;1;2;5;22620440;20;142;16;1
1889376;1;1;2;2;22410163;40;1;21;0
1880849;1;1;2;6;84110003;40;573;20;1
1802675;1;1;2;6;21450003;72;1;12;0
1743494;1;1;2;4;13120438;40;318;18;0
1812309;1;1;2;6;83920011;50;1;22;1
1678643;1;1;2;4;13120241;40;318;22;1
1750688;1;6;1;6;224208;3720;1;28;1
1827820;1;1;2;2;22620414;40;1;11;0
1749447;1;5;2;6;834301;2820;698;32;1
1705987;1;1;2;6;84110003;40;698;25;1
1870709;1;1;2;2;11220053;70;1;19;1
1774248;1;1;2;4;83830290;60;212;28;1
1771538;1;1;2;6;13410330;20;548;15;0
1762799;1;1;2;3;12210459;42;1;27;1
1771540;1;1;2;6;41310575;80;1;19;1
1494045;1;5;2;6;831104;1500;1;16;0
1764350;1;1;2;6;22620050;40;1;16;1
1807569;1;1;2;2;93930033;90;137;28;0
1470440;1;5;2;4;228172;1900;1;22;1
1365884;1;6;1;6;228106;3410;1;27;0
1798116;1;1;2;2;86110443;66;548;21;1
1889379;1;1;2;2;52440804;40;807;20;1
1742441;1;1;2;4;13120242;60;318;23;1
1898079;1;1;2;6;22620050;40;1;16;1
1822266;1;1;2;2;22530006;50;318;19;1
1811475;1;1;2;2;52441147;80;1;17;0
1692498;1;1;2;3;83830185;70;290;25;1
1774097;1;1;2;3;66210435;20;698;30;1
1852892;1;1;2;4;83830286;40;1;25;1
1753867;1;1;2;2;86110053;60;1;32;1
1685668;4;1;2;2;52442191;300;573;34;1
1719189;1;1;2;2;52441147;80;824;18;1
1774250;1;1;2;1;66330006;60;130;25;1
1580060;1;6;2;5;621201;3610;1;33;1
1866252;1;1;2;4;96150300;20;698;17;1
1898708;1;1;2;5;22620440;20;1;24;1
1843441;1;1;2;3;52441744;80;1;17;1
1885361;1;1;2;1;22620429;40;1;17;0
1893854;1;1;2;5;21720158;24;1;20;1
1738049;1;1;2;2;84220293;60;1;20;1
1774278;1;1;2;6;22410074;40;1;14;0
1791349;1;1;2;2;52441147;80;1;28;1
1882408;1;1;2;6;21450020;60;1;16;1
1780019;1;1;2;4;83810317;40;1;27;1
1776731;1;1;2;6;13210021;40;548;14;0
1677992;1;5;2;2;936167;1940;698;29;1
1878212;1;1;2;4;52441154;50;1;20;1
1821020;1;1;2;2;52410387;280;318;37;1
1415318;1;5;2;4;228172;1900;1;23;1
1814003;1;1;2;2;21340010;30;1;21;1
1859127;1;1;2;3;83830185;70;130;38;1
1779987;1;1;2;6;84110003;40;824;20;1
1865679;4;1;2;3;2000003;320;212;18;1
1474176;1;5;2;4;228172;1900;22;28;1
1755725;1;1;1;4;84240166;80;1;17;1
1898092;1;1;2;2;22620414;40;1;16;1
1897516;1;1;2;2;22620414;40;1;15;0
1821273;1;1;2;2;22620414;40;1;19;1
1871748;1;1;2;6;22620050;40;573;12;0
1799628;1;1;2;2;22620158;40;1;23;1
1851690;3;1;2;2;52441147;80;1;32;1
1776743;1;1;2;2;83930041;40;473;20;1
1689635;1;1;2;2;12210480;60;532;15;0
1490110;1;5;2;6;831104;1500;1;23;0
1494746;1;5;2;4;228172;1900;256;29;1
1792614;1;1;2;6;63550300;20;698;36;1
1387788;1;6;2;6;228181;3885;100;47;1
1775720;1;1;2;4;52520055;60;1;17;1
1690390;1;1;2;3;12210426;40;473;24;1
1892978;1;1;2;5;13120456;40;1;17;1
1798130;1;1;2;5;41310377;140;1;32;1
1846698;1;1;2;2;83230037;40;1;16;1
1832123;1;1;2;2;83610191;80;318;17;1
1819066;1;1;2;4;22640038;150;1;24;1
1893922;1;1;2;1;73110062;40;1;21;1
1857857;1;1;2;1;76110037;40;392;20;1
1818201;1;1;2;1;76130584;40;318;23;1
1828803;1;1;2;2;52441941;90;1;21;1
1882697;1;1;2;2;22510127;40;318;19;0
1754124;4;1;2;5;83250023;308;821;41;1
1741905;1;1;2;1;66330006;60;130;23;1
1852961;1;1;2;1;93240137;60;698;24;1
1828764;1;1;2;2;52430398;70;1;19;1
1878640;1;1;2;6;22810150;50;1;20;1
1822391;1;1;1;6;66330107;100;1;18;1
1771499;1;1;2;5;3000035;40;1;14;0
1860632;1;1;2;4;21720162;80;1;14;0
1780021;1;1;2;4;52520058;60;1;13;0
1716066;1;1;2;6;41310121;60;1;18;0
1885337;1;1;2;4;86110359;60;1;48;1
1893920;1;1;2;2;83230067;80;1;15;0
1835395;1;1;2;4;66210548;40;698;21;1
1764432;1;1;2;4;22810381;40;573;25;1
1615757;1;5;1;2;832221;2200;743;29;1
1704191;1;1;2;3;22810756;60;548;13;0
1495058;1;5;2;6;832221;1475;1;22;0
1876339;1;1;1;6;66330107;100;318;16;1
1764373;1;1;2;2;22510012;40;1;10;0
1699411;1;1;2;6;22410074;40;1;19;1
1740084;1;1;1;4;13120331;70;1;15;1
1851688;1;1;2;2;21340010;30;1;16;1
1802718;1;1;2;4;13120242;60;1;13;0
1859117;1;1;2;6;22810150;50;1;16;1
1811263;1;1;2;2;12210298;70;1;18;1
1753897;1;1;2;4;13120438;40;1;17;1
1819065;4;1;2;1;76110037;40;1;20;0
1854386;1;1;2;3;12210426;40;473;13;0
1891812;1;1;2;4;63410151;40;809;15;1
1860618;1;1;2;4;86110359;60;1;32;1
1675143;4;1;2;3;2000003;320;212;18;0
1764123;1;1;2;4;22810381;40;573;35;1
1792459;1;1;2;4;21710085;40;142;14;0
1688010;1;1;2;2;12210298;70;418;18;1
1889354;1;1;2;6;13210268;40;1;23;1
1858716;4;1;1;2;83830285;320;450;34;1
1878631;1;1;2;5;13120126;32;548;22;1
1860568;1;1;2;6;22520051;40;1;16;1
1824579;1;1;2;4;63410151;40;318;15;1
1752652;1;1;2;2;52441147;80;807;23;1
1857572;1;1;2;4;83830290;60;807;49;1
1880944;1;1;2;4;13120127;60;364;40;1
1737963;1;1;2;6;84110003;40;824;27;1
1679975;1;5;2;4;228185;1900;256;30;1
1711953;1;1;2;5;13210303;40;473;20;1
1428270;1;6;1;6;525203;3360;698;29;1
1690391;1;1;2;3;12210426;40;473;21;1
1875549;1;1;2;4;41520019;50;1;17;1
1711960;1;1;2;4;13120331;70;1;18;1
1873213;1;1;2;4;83810317;40;1;22;1
1737978;1;1;2;4;13120241;40;100;25;1
1797833;1;1;2;4;83830290;60;548;19;1
1803591;1;1;2;4;86120350;50;1;16;1
1750384;1;1;2;2;84220293;60;1;22;1
1843440;1;1;2;6;83510009;60;1;14;0
1729281;1;1;2;2;22620414;40;573;17;1
1700282;1;1;2;6;13120041;40;1;26;1
1693227;4;1;2;2;21330023;330;450;32;0
1742201;1;1;2;4;52520055;60;50;25;1
1876563;1;1;2;4;21450072;20;1;13;0
1705853;1;1;2;5;13210302;40;355;16;1
1863575;1;1;2;4;63410151;40;318;17;1
1678373;1;5;2;2;841105;2200;1;31;1
1897514;1;1;2;6;13210021;40;1;8;0
1695351;1;1;2;2;83930101;50;1;25;1
1871765;1;1;2;2;52440953;70;1;26;1
1721453;1;1;2;4;22810570;50;743;27;1
1896190;1;1;2;6;52440634;30;1;20;1
1821144;1;1;2;4;21710085;40;142;12;0
1815758;1;1;2;5;22620440;20;300;16;1
1745681;1;1;2;4;83830286;40;1;30;0
1875547;1;1;2;3;83830197;70;585;37;0
1878630;1;1;2;6;21730045;40;1;28;0
1738983;4;1;2;2;21450156;250;142;30;1
1728969;1;1;2;6;52410073;50;1;25;1
1737962;1;1;2;2;52450347;60;1;24;1
1700272;1;1;2;4;62120129;80;1;17;0
1709428;1;1;2;6;83930002;50;1;20;1
1780652;4;1;2;2;52430410;330;693;39;1
1813480;1;1;2;1;66330006;60;548;23;1
1884196;1;1;2;3;13120287;40;212;35;1
1461905;1;5;2;6;841101;1710;1;34;1
1783198;1;1;2;5;22810239;70;399;20;0
1762473;1;1;2;4;12210506;20;300;37;1
1788882;1;1;2;6;13210021;40;399;20;1
1792613;1;1;2;1;22620425;120;1;23;0
1769538;1;1;2;4;52520058;60;1;15;1
1674449;1;1;2;2;93510120;90;1;21;0
1688009;1;1;2;2;12210298;70;418;12;0
1811270;1;1;2;5;22620440;20;1;50;1
1898570;1;1;2;4;13120127;60;743;19;1
1705859;1;1;2;6;22810120;40;397;11;0
1819061;1;1;2;4;83830290;60;1;26;0
1554684;1;5;2;6;837126;1940;573;34;1
1705857;1;1;2;2;21120017;40;1;15;1
1781719;1;1;2;4;52520055;60;1;15;0
1898714;1;1;2;1;73130083;40;1;23;1
1705858;4;1;2;4;22620374;70;1;18;1
1516962;1;5;2;4;228172;1900;1;29;1
1690379;1;1;2;6;83510007;40;1;15;1
1876612;1;1;2;6;22620036;40;698;20;0
1819060;1;1;2;6;52440113;60;1;20;1
1860619;1;1;2;2;22510012;40;1;9;0
1890386;1;1;2;4;84220129;80;1;13;0
1678511;1;1;2;2;86110064;60;318;17;0
1755753;1;1;2;6;52440146;50;698;21;0
1762542;1;1;2;2;11110044;40;1;14;0
1801121;1;1;2;6;22510006;40;1;21;1
1742363;1;1;2;4;83930128;40;1;22;0
1892991;1;1;2;6;41310120;60;50;27;1
1771534;1;1;2;6;93510436;60;1;12;0
1752551;1;6;2;6;921206;3740;1;36;1
1865891;1;1;2;2;86110079;80;1;30;1
1885779;1;1;2;2;84220293;60;548;19;1
1705850;1;1;2;2;83310014;60;392;30;1
1729279;1;1;2;5;13120171;20;548;15;0
1703221;1;1;2;2;52450408;60;1;23;1
1716996;1;1;2;4;13120241;40;318;24;1
1885362;1;1;2;2;22620414;40;1;22;1
1845589;1;1;2;6;41310120;60;1;12;0
1857569;1;1;2;4;63410151;40;318;20;1
1765693;1;1;2;6;13120041;40;698;28;1
1808602;1;1;2;2;86120197;60;455;29;1
1737966;1;1;2;4;52440640;52;1;25;1
1700274;1;4;2;2;836121;885;548;19;1
1500471;1;5;2;4;228172;1900;1;35;1
1898407;1;1;2;2;52440953;70;1;15;1
1898787;1;2;2;4;821236;880;1;29;1
1804535;4;1;2;2;93430020;300;1;38;1
1787229;1;1;2;4;11110098;40;1;18;1
1793700;1;1;2;2;84220230;70;1;23;1
1797159;4;1;2;2;84240136;280;110;20;1
1804028;1;1;2;2;52440953;70;1;22;1
1856548;1;1;2;6;52442194;300;698;18;1
1806434;1;1;2;4;22620374;70;1;20;1
1708031;4;1;2;3;86110500;330;743;35;1
1804107;1;1;2;4;52520055;60;50;34;1
1700287;1;1;2;1;83510031;230;1;22;1
1700320;1;5;2;4;634215;1760;50;41;1
1773596;1;1;2;2;52441147;80;1;23;0
1834859;1;1;2;2;83230037;40;1;24;1
1771517;1;1;2;3;52442005;70;1;12;0
1760553;1;1;2;4;21730081;80;1;16;1
1819969;1;1;2;2;84710024;40;455;25;1
1738145;1;1;2;6;13210021;40;399;19;1
1844295;1;1;2;4;13120127;60;743;23;1
1765862;1;1;2;1;93240137;60;698;21;1
1803971;1;1;2;6;52440146;50;698;20;1
1895900;1;1;2;5;13210302;40;1;18;1
1878635;1;1;2;2;93510136;80;1;21;0
1859020;1;1;2;6;93530182;90;1;19;1
1885918;1;1;2;5;12210513;40;1;32;1
1891633;1;1;2;6;13210268;40;1;16;0
1897141;1;1;2;4;21530006;40;318;16;1
1771564;1;1;2;5;3000035;40;1;18;1
1817163;1;1;2;2;52441052;60;1;7;0
1727382;1;5;2;4;637201;2200;1;46;1
1778664;1;1;2;3;12210459;42;318;27;1
1783551;1;1;2;6;13530036;50;698;30;1
1868522;1;1;2;4;86110494;60;1;21;0
1859116;4;1;1;1;83730044;350;1;40;1
1841132;1;1;2;5;52250023;40;1;7;0
1802569;1;1;2;6;13530036;50;573;19;0
1815918;1;1;2;2;21340010;30;1;16;0
1863310;1;1;2;6;83610023;80;824;27;0
1737961;1;1;2;6;52440100;50;807;19;1
1880946;1;1;2;2;21330020;80;1;8;0
1885824;1;1;2;2;52442073;60;1;29;1
1848427;1;1;2;3;83830197;70;130;24;1
1800310;1;1;2;3;52441427;40;807;19;1
1765814;1;1;2;4;22810381;40;573;28;1
1783201;1;1;2;2;22620414;40;845;17;0
1870697;1;1;2;4;83920032;80;1;17;1
1774292;1;1;2;6;22410074;40;1;12;0
1860566;1;1;2;6;22520051;40;1;24;1
1846777;1;1;2;2;52410387;280;318;22;1
1876560;1;1;2;2;52442073;60;1;21;1
1756213;1;1;2;6;52410073;50;698;17;1
1679533;4;1;2;2;52410387;280;378;21;1
1699409;1;1;2;2;22620414;40;1;22;1
1792199;1;1;2;3;83830197;70;698;16;0
1898093;1;1;2;2;22620414;40;1;16;1
1890385;1;1;2;6;83220038;60;1;22;1
1742425;4;1;2;2;52410387;280;318;24;0
1813500;1;1;2;2;84220293;60;1;14;0
1856560;1;1;2;6;52430030;100;1;23;1
1688008;1;1;2;2;52441147;80;256;20;1
1851479;1;1;2;2;52440953;70;1;20;1
1765379;1;1;2;6;13120064;40;1;15;1
1833110;1;1;2;6;84220023;40;1;30;1
1669515;1;1;2;2;52450408;60;1;20;1
1629134;1;6;2;6;223309;3740;1;17;0
1893919;1;1;2;2;52441147;80;1;20;1
1737949;1;1;2;2;22510015;40;1;14;0
1637205;1;5;1;2;834401;2200;573;16;0
1678452;1;1;2;2;86110064;60;318;19;1
1882713;1;1;2;5;22520090;40;318;14;0
1764450;1;1;2;4;22810381;40;573;26;1
1754071;1;1;2;2;21330020;80;1;28;1
1786140;1;1;2;2;93510425;40;1;24;1
1779557;1;1;2;2;83220172;100;256;21;1
1768435;1;1;2;1;73330159;400;1;43;1
1705829;1;1;2;4;22810454;40;100;16;0
1695268;1;1;2;2;83420238;180;1;19;0
1440174;1;6;1;6;921206;3740;318;32;1
1781583;1;1;2;2;84230159;80;256;24;1
1790086;1;1;2;2;86110321;150;318;24;1
1477945;1;5;2;4;228172;1900;1;19;0
1760564;1;1;2;3;22810756;60;130;13;0
1786853;1;1;2;6;13410090;40;1;22;1
1763649;1;1;2;4;83820049;40;1;17;0
1466413;1;5;2;2;838104;1900;1;25;1
1793663;1;1;2;2;52441147;80;573;22;0
1579714;1;6;2;6;821226;3880;1;27;1
1671189;1;1;2;4;52430290;40;1;35;1
1771037;1;1;2;6;52420008;40;1;26;1
1705807;1;1;2;3;22810756;60;100;17;1
1792294;1;1;2;4;13120242;60;318;24;1
1477764;1;5;2;6;228120;1940;1;34;1
1822961;1;1;2;2;51240072;40;1;14;0
1792598;1;1;2;2;12210298;70;1;12;0
1772528;1;1;2;2;22620405;240;318;23;1
1695291;1;1;2;5;41750023;40;1;15;1
1790849;1;5;2;4;637201;2200;1;26;1
1769072;1;1;2;5;76120002;60;698;23;1
1780024;1;1;2;2;22430072;50;573;19;1
1876547;1;1;2;2;52441147;80;1;22;1
1792590;1;1;2;2;52442073;60;1;13;0
1799360;1;1;2;2;83220172;100;1;21;1
1802690;4;1;2;6;41310120;60;1;19;1
1811137;1;1;2;6;33130109;40;1;6;0
1892927;1;1;2;6;22620036;40;698;19;0
1693535;1;1;2;3;13120287;40;698;15;1
1805010;1;1;2;6;52450045;60;1;23;0
1681584;1;1;1;3;12210426;40;1;26;1
1845192;1;1;2;6;22520051;40;1;18;0
1841138;1;1;2;5;22620440;20;1;21;1
1811487;1;1;2;2;52441147;80;760;23;1
1802810;1;1;2;3;12210459;42;318;35;1
1755172;1;1;2;4;21730162;80;1;27;1
1776853;1;1;2;4;83220143;90;318;14;0
1705804;1;1;2;2;52410128;40;1;25;1
1776728;1;1;2;2;21330020;80;1;13;0
1848458;1;1;2;6;13210021;40;1;29;1
1876566;1;1;2;6;22620218;60;1;10;0
1817314;1;1;2;6;66330007;40;318;12;0
1772530;1;1;2;4;13120242;60;318;23;1
1756215;1;1;2;2;52450092;100;1;33;1
1860651;1;1;2;2;83240089;40;548;22;1
1774572;1;1;2;6;51360048;80;1;26;1
1783208;1;1;2;2;52441848;60;1;14;0
1838463;1;1;2;6;22620050;40;1;16;1
1892979;1;1;2;5;12210516;40;1;12;0
1868076;1;1;2;2;22620414;40;1;24;1
1798122;1;1;2;2;83610043;150;1;17;1
1851675;1;1;2;2;21340010;30;1;20;1
1760565;1;1;2;3;22810756;60;130;13;0
1795533;1;1;2;6;13210144;60;1;17;0
1695277;1;1;2;4;13120127;60;212;19;1
1871764;1;1;2;3;62120127;30;1;32;1
1801338;1;1;1;2;52440953;70;1;19;1
1692464;1;1;2;6;22410074;40;1;18;1
1813997;1;1;2;6;22620050;40;548;23;1
1774252;1;1;2;2;83520031;100;1;17;1
1755472;4;1;2;2;21330023;330;212;49;1
1694779;4;1;2;2;86110502;360;760;46;1
1765452;1;1;2;2;22410163;40;1;18;1
1800554;1;1;2;4;13120331;70;130;11;0
1792612;1;1;2;3;21730067;40;1;35;1
1809254;1;1;2;4;13120230;20;256;13;0
1760566;1;1;2;3;22810756;60;1;18;1
1693595;1;1;2;6;22620089;50;1;24;1
1780017;1;1;2;3;13410412;40;1;17;1
1783221;1;1;2;2;22620414;40;1;21;1
1868074;1;1;2;5;22620440;20;142;17;1
1878258;1;1;2;6;52440634;30;1;18;1
1869461;1;1;2;1;22620424;40;22;24;1
1771562;1;1;2;6;41310120;60;1;26;1
1756208;1;1;2;1;22620424;40;1;26;1
1705849;1;1;2;2;83310014;60;130;22;1
1790071;1;1;2;6;22310052;40;1;9;0
1743177;1;1;2;1;83730044;350;256;47;1
1784457;1;1;2;6;22620040;40;1;19;1
1731235;1;1;2;4;22810454;40;100;22;1
1892676;1;1;2;2;52440804;40;1;14;0
1675152;4;1;2;3;2000003;320;698;26;1
1851475;1;1;2;2;52442073;60;130;25;1
1778283;1;1;2;5;76120002;60;698;27;1
1500906;1;5;2;6;821225;1775;780;27;1
1771536;1;1;2;4;13210114;40;355;28;1
1771493;1;1;2;2;86110443;66;548;15;1
1815907;1;1;2;5;22620444;80;1;49;1
1682812;1;1;2;2;82120024;40;698;25;1
1856561;1;1;2;2;22620414;40;1;24;1
1892975;1;1;2;1;22620429;40;1;22;1
1780653;4;1;2;6;52450031;320;693;32;1
1799686;1;1;2;2;52441052;60;256;24;1
1710278;1;1;2;4;13310393;80;318;20;0
1868155;1;1;2;2;22620414;40;1;21;1
1787244;1;1;2;5;22620443;10;1;14;0
1783947;1;1;2;4;84710080;90;698;30;1
1488566;1;5;2;6;223112;1940;1;25;0
1750371;1;1;2;2;52441147;80;1;20;0
1783207;1;1;2;4;13120127;60;743;21;1
1851672;1;1;2;5;3000035;40;1;10;0
1754083;1;1;2;6;52440445;60;1;20;1
1859187;1;1;2;4;83810316;50;212;28;1
1788774;4;1;2;2;83830285;320;110;40;1
1687323;4;1;2;2;83210103;308;75;35;1
1468444;1;5;1;6;842405;1840;455;16;0
1754064;1;1;2;6;13120407;40;100;19;1
1785060;1;1;2;2;22510012;40;1;16;0
1755185;1;1;2;6;22620050;40;1;15;1
1678503;1;5;2;2;935306;2200;1;20;1
1677369;1;1;2;2;22620414;40;392;19;1
1760581;1;1;2;4;52520059;80;1;27;1
1802717;1;1;2;4;13120241;40;1;13;0
1796149;1;1;2;5;22620440;20;1;19;1
1675334;4;1;2;3;2000003;320;517;30;1
1857846;1;1;2;4;52441154;50;1;26;1
1660435;1;6;2;6;525203;3360;1;73;1
1703513;1;5;2;4;634215;1760;212;35;1
1858425;1;1;2;4;12210211;40;1;20;1
1755184;1;1;2;6;22620050;40;1;11;0
1831267;1;1;1;2;22620414;40;1;22;1
1893853;1;1;2;4;41520019;50;1;15;1
1752662;1;1;2;2;52441147;80;807;25;1
1753397;1;1;1;4;52520055;60;75;26;1
1782680;1;1;2;5;42110035;40;1;29;1
1682028;1;1;2;6;22520015;80;1;29;1
1791380;1;1;2;2;52441147;80;1;25;1
1787201;1;1;2;4;52520059;80;1;16;1
1787243;1;1;2;2;93920010;40;1;19;0
1776747;1;1;2;2;52410128;40;1;20;1
1774280;1;1;2;6;22410074;40;1;22;1
1713424;1;1;2;2;52430398;70;100;24;1
1892731;1;1;2;2;52440978;40;1;24;1
1876561;1;1;2;2;52442073;60;1;25;0
1805031;1;1;2;6;93510008;40;1;21;1
1760574;1;1;2;6;22310061;40;397;22;1
1704350;1;1;2;6;21730066;40;1;20;1
1844319;4;1;2;2;21330023;330;1;34;0
1792599;1;1;2;4;13120331;70;1;15;0
1803594;1;1;2;2;83420093;120;573;37;1
1753874;1;1;2;6;86110022;60;397;22;1
1755203;1;1;2;2;52441147;80;1;24;1
1845324;1;1;2;1;76130595;40;455;25;1
1461911;1;5;2;6;835106;2380;1;22;0
1695275;1;1;2;2;22410163;40;318;19;1
1737343;1;1;1;6;22410039;90;1;22;1
1799643;1;1;2;2;22620158;40;1;21;1
1474781;1;5;2;6;228120;1940;1;31;1
1860644;1;1;2;4;13120331;70;573;23;1
1703219;1;1;2;2;52450408;60;1;22;1
1754366;1;1;2;4;22810454;40;1;18;1
1681972;1;1;2;2;21330020;80;1;25;1
1669492;1;1;2;4;22620270;40;1;17;1
1681129;1;1;2;4;13120331;70;1;19;1
1841134;1;1;2;2;22620414;40;1;6;0
1865925;1;1;2;4;83830290;60;1;40;1
1763552;1;1;2;3;52440498;40;1;13;0
1835568;1;1;2;2;82120050;80;455;19;1
1776696;1;1;2;3;52441343;40;807;23;1
1838797;1;1;2;2;12210480;60;1;21;0
1468433;1;5;2;6;935306;1680;1;25;1
1787200;1;1;2;3;12210426;40;473;18;1
1815134;1;1;2;4;84920079;40;573;14;0
1897127;1;1;2;1;93240137;60;318;18;1
1848418;1;1;2;6;52450045;60;1;25;1
1781733;1;1;2;4;13120242;60;318;24;0
1759725;1;1;2;4;13120242;60;318;19;0
1845313;1;1;2;2;52440953;70;130;20;1
1473305;1;6;1;6;223219;3740;1;36;1
1843442;1;1;2;3;52441744;80;1;24;1
1870714;1;1;2;4;83820049;40;1;22;1
1892161;1;1;2;6;22510009;40;1;9;0
1705832;1;1;2;2;83310014;60;807;16;1
1787241;1;1;2;4;83830286;40;807;36;1
1667715;1;1;2;6;84510042;80;455;18;1
1859126;1;1;2;2;22510039;32;1;13;0
1736249;1;5;1;6;835106;2380;743;24;1
1681373;1;6;2;5;621201;3610;1;40;1
1764174;1;1;2;4;22810381;40;573;32;1
1721477;4;1;2;5;83250023;308;743;42;0
1729280;1;1;2;4;86120084;40;1;17;0
1762541;1;1;2;2;52410128;40;1;16;1
1841130;1;1;2;4;22620374;70;1;19;1
1849303;4;1;2;6;86110493;260;130;20;0
1752578;1;5;2;6;838201;1900;1;27;1
1778083;1;1;2;5;76120002;60;698;25;0
1845312;1;1;2;2;21720106;20;1;19;1
1851676;1;1;2;1;22620429;40;1;19;1
1527881;1;5;2;4;228185;1900;318;45;1
1852993;1;1;2;2;86120157;40;318;26;1
1676362;4;1;2;6;52442194;300;693;42;1
1755737;1;1;2;2;22620414;40;1;15;1
1710143;1;1;2;6;22620089;50;1;27;1
1851424;1;1;2;3;83830197;70;1;21;1
1704353;1;1;2;5;12210516;40;1;15;0
1784374;1;1;2;2;84220230;70;1;15;0
1892976;1;1;2;6;84110003;40;1;27;1
1791283;1;1;2;6;22810072;40;1;20;1
1758432;1;1;2;3;83830197;70;22;30;1
1771542;1;1;2;6;93510055;80;1;26;1
1721451;1;1;2;2;22620414;40;573;18;1
1791016;1;5;2;4;637201;2200;318;31;1
1885777;1;1;2;1;41311020;80;573;23;1
1796030;4;1;2;3;2000003;320;256;31;0
1825718;1;1;1;6;83420018;40;1;13;0
1783211;1;1;2;5;22620440;20;1;29;1
1737972;1;1;2;4;22810216;40;1;18;0
1854387;1;1;2;1;73110062;40;1;23;1
1860630;1;1;2;5;41310377;140;1;42;1
1704351;1;1;2;6;22510009;40;1;10;0
1681702;1;1;2;2;52450408;60;1;21;1
1791280;1;1;2;2;12210298;70;1;19;1
1868070;1;1;2;4;33110146;40;1;24;1
1785344;1;1;2;6;52450045;60;1;20;1
1679601;4;1;2;2;52410387;280;573;30;0
1822945;1;1;2;4;11120008;40;1;27;0
1819801;4;1;2;2;83210103;308;75;49;1
1675126;1;1;2;5;13120456;40;1;19;1
1675139;1;1;2;4;13120331;70;1;21;1
1753850;1;1;2;2;12210480;60;532;22;1
1765123;1;1;2;4;52220010;100;1;23;0
1761335;1;1;1;1;83220197;60;318;18;1
1844175;4;1;2;2;93430020;300;130;23;1
1798115;1;1;2;6;13530036;50;256;13;0
1708823;1;1;2;1;93240137;60;318;15;1
1788772;1;1;2;3;83830197;70;548;16;1
1774576;1;1;2;2;52441941;90;1;18;0
1845196;1;1;2;2;22620414;40;1;19;1
1819048;1;1;2;5;13210302;40;355;16;1
1774289;1;1;2;3;21730067;40;1;11;0
1845602;1;1;2;5;12210516;40;1;17;1
1689915;1;1;2;2;52441941;90;1;14;0
1876565;1;1;2;6;22620218;60;1;20;1
1864297;1;1;2;4;96150300;20;142;50;1
1773657;1;1;2;6;52440146;50;698;17;0
1779497;1;1;2;4;22810216;40;698;26;1
1709417;1;1;2;6;83930002;50;1;20;1
1799339;1;1;2;6;41310032;100;1;22;1
1734851;1;1;2;2;22620414;40;1;18;1
1853327;4;1;2;6;52450031;320;573;36;1
1772064;1;1;2;2;52450408;60;1;19;1
1778689;1;1;2;3;52441379;40;807;19;1
1578437;1;6;2;4;228181;3885;1;30;1
1762540;1;1;2;4;13120127;60;1;20;0
1692402;1;1;2;6;22410039;90;807;19;0
1846330;1;1;2;6;84510042;80;455;24;1
1767869;1;1;2;2;21310027;40;318;26;1
1679899;1;1;2;4;63420039;80;1;14;0
1756103;1;1;1;4;52441922;120;1;24;1
1695269;1;1;2;6;63210001;64;1;19;0
1791275;1;1;2;4;11110098;40;355;21;1
1678690;1;1;2;6;13120041;40;698;30;1
1806754;1;1;2;2;52441052;60;1;21;0
1831193;4;1;2;2;52441147;80;1;19;1
1792210;1;1;2;3;83830185;70;698;16;0
1819053;1;1;2;6;13120096;40;355;17;1
1845156;1;1;2;6;84510042;80;455;25;1
1690380;1;1;2;2;21330020;80;1;23;1
1849853;1;1;2;6;86110022;60;1;32;1
1329938;1;6;2;6;525203;3360;1;33;1
1771555;1;1;2;2;83930101;50;1;38;1
1716069;1;1;2;2;52441845;60;1;13;0
1805049;1;1;2;6;83510015;40;100;26;1
1708379;1;1;2;1;93240137;60;318;18;1
1675970;4;1;2;2;52430410;330;50;45;1
1876562;1;1;2;2;52440987;40;1;13;0
1711933;1;1;2;4;21720162;80;1;15;0
1738143;1;1;2;6;13210021;40;399;19;1
1738144;1;1;2;6;13210021;40;399;19;1
1705805;1;1;2;5;13120456;40;100;25;1
1779483;1;1;2;6;52440445;60;1;22;1
1774285;1;1;2;6;21450020;60;1;20;0
1783205;1;1;2;2;22620414;40;1;31;1
1776749;1;1;2;2;21340010;30;1;13;0
1776833;4;1;2;5;83250023;308;1;34;1
1822949;1;1;2;1;62330152;200;256;36;1
1709412;1;1;2;2;51350004;40;1;11;0
1837503;4;1;2;6;52442194;300;256;31;1
1871744;1;1;2;6;41310575;80;355;37;1
1734903;1;1;2;2;83220172;100;318;18;1
1774296;1;1;2;3;21730067;40;1;18;0
1771537;1;1;2;2;12210298;70;1;20;1
1675463;1;1;2;3;21730067;40;698;16;1
1792266;1;1;2;4;13120241;40;318;24;1
1681976;1;1;2;6;13120046;60;1;12;0
1789264;1;1;2;2;52430410;330;785;49;1
1732449;1;1;2;4;84710080;90;455;25;1
1705801;1;1;2;4;13120331;70;573;27;1
1760567;1;1;2;5;52250023;40;1;19;0
1765777;1;1;2;4;22810381;40;573;27;1
1681979;1;1;2;4;52410250;40;1;17;0
1760539;1;1;2;5;22620440;20;1;11;0
1898090;1;1;2;6;86110022;60;1;47;1
1737529;1;1;2;6;22620218;60;548;26;1
1724523;1;1;2;6;84510042;80;455;23;1
1742354;1;1;2;1;22620424;40;1;13;0
1675121;1;1;2;4;21730080;100;1;15;0
1756204;1;1;2;6;13130001;40;399;20;1
1754402;1;1;2;6;13120046;60;1;23;1
1755711;1;1;2;4;84920079;40;573;22;1
1693207;1;1;2;4;22810381;40;698;25;1
1783200;1;1;2;5;22810239;70;399;20;1
1831192;1;1;2;2;22330036;40;1;13;0
1860588;1;1;2;5;13120456;40;1;13;0
1769532;1;1;2;2;22620414;40;1;19;1
1779743;1;1;2;3;13210207;30;743;20;1
1790094;1;1;2;6;83610007;40;318;20;0
1705860;1;1;2;6;63210014;20;397;13;0
1783197;1;1;2;5;22810239;70;399;19;0
1456043;1;5;2;4;228172;1900;1;33;1
1787108;1;1;2;4;22810749;60;698;28;1
1784423;1;1;2;4;83820049;40;532;20;1
1787247;4;1;2;2;52441147;80;1;15;1
1773616;1;1;2;3;83830197;70;622;29;1
1719513;1;1;2;2;52441147;80;1;14;0
1773554;1;1;2;2;52441147;80;573;22;1
1773546;1;1;2;3;83830197;70;22;32;1
1851458;1;1;2;2;52440953;70;1;20;1
1843429;4;1;2;2;51240071;40;1;14;0
1798634;1;1;2;6;13530036;50;698;18;1
1716082;1;1;2;1;22620424;40;1;28;1
1662993;1;1;2;5;41310377;140;1;41;1
1813436;1;1;2;4;83830290;60;22;40;1
1779456;1;1;2;3;21730067;40;698;27;0
1847646;1;1;2;5;22620440;20;1;20;1
1841129;1;1;2;5;22620440;20;1;50;1
1784785;4;1;2;2;21450156;250;513;29;0
1677039;1;5;2;2;834214;2200;1;31;1
1776855;1;1;2;4;13120241;40;318;23;1
1697007;1;1;2;2;86120197;60;573;16;0
1580074;1;6;2;5;621201;3610;1;37;1
1671212;1;1;2;2;52441147;80;1;39;1
1872068;1;1;2;2;84710024;40;212;24;0
1819062;1;1;2;2;86110079;80;1;25;1
1791274;1;1;2;2;52442073;60;1;20;1
1817158;1;1;2;2;84220293;60;1;18;1
1840149;1;1;2;4;63410151;40;318;18;1
1680204;1;1;2;2;52450205;40;548;30;1
1815935;1;1;2;2;22810366;40;1;18;1
1765382;1;1;2;4;13120241;40;1;19;1
1792611;1;1;2;2;83610141;40;1;22;1
1800346;4;1;2;6;41310120;60;1;19;0
1889040;1;1;2;4;96150300;20;212;29;0
1870712;1;1;2;2;83610403;90;1;17;1
1797300;1;1;2;1;22510132;280;1;48;1
1454230;1;6;2;6;921206;3740;1;21;0
1791398;1;1;2;4;13120127;60;50;27;1
1791292;1;1;2;5;13410560;40;1;13;0
1728943;1;1;2;6;41310120;60;1;16;0
1760541;1;1;2;4;21730081;80;1;17;1
1859113;1;1;2;4;86120350;50;1;21;1
1897510;1;1;2;6;21450020;60;1;17;1
1791740;4;1;2;2;52410387;280;455;43;1
1882401;1;1;2;2;83220172;100;256;39;1
1678556;1;1;2;2;84310049;40;318;18;0
1876567;1;1;2;4;13120242;60;1;19;1
1717893;1;1;2;2;52410367;40;1;9;0
1776644;1;1;2;5;22620440;20;1;17;1
1837351;1;1;2;2;83710208;40;698;21;0
1778064;1;1;2;3;12210426;40;1;24;1
1779744;1;1;2;6;84110003;40;824;19;0
1814005;1;1;2;6;83610298;100;548;17;1
1876479;1;1;2;2;83610191;80;318;18;1
1776730;1;1;2;6;13210021;40;548;18;0
1822963;1;1;2;6;84110003;40;573;28;1
1801931;1;1;2;4;83820049;40;532;20;1
1781716;1;1;2;4;83830290;60;22;37;1
1826633;1;1;2;2;21450156;250;1;26;1
1693521;1;1;2;4;22620182;40;698;18;1
1756217;1;1;2;6;41310120;60;1;36;1
1788870;4;1;2;1;62330152;200;573;33;1
1897515;1;1;2;2;22620414;40;1;16;1
1682018;1;1;2;4;13120331;70;1;21;1
1878248;1;1;2;2;52440953;70;1;11;0
1762978;1;4;2;2;836121;885;1;18;1
1725587;1;1;2;5;22620443;10;1;29;1
1737517;1;1;2;6;22620218;60;548;26;1
1784458;1;1;2;2;22620414;40;1;19;1
1771592;5;1;2;5;41310377;140;318;24;1
1763565;1;1;2;6;41310121;60;1;21;1
1672381;1;1;2;3;83830197;70;1;18;1
1845618;1;1;2;5;13120456;40;1;17;1
1711427;1;1;2;4;13120242;60;318;19;1
1672429;1;1;2;4;83220143;90;1;26;1
1800533;1;1;1;4;13120331;70;1;11;0
1705798;1;1;2;2;21730062;40;698;12;0
1854294;1;1;2;6;22620218;60;1;21;1
1737349;1;1;2;2;12210480;60;130;13;0
1851678;1;1;2;2;21120017;40;1;11;0
1739011;1;1;2;6;41310032;100;1;21;1
1754066;1;1;2;6;13120407;40;100;16;1
1885801;1;1;2;4;52442171;100;807;28;1
1887734;1;1;2;2;52440804;40;1;13;0
1892165;1;1;2;2;83610065;40;548;19;1
1859128;1;1;2;6;52430140;60;1;22;1
1669514;1;1;2;2;52450408;60;1;25;1
1790072;1;1;2;2;22510015;40;1;8;0
1885357;1;1;2;4;83830290;60;1;25;1
1690375;1;1;2;6;41310575;80;1;17;0
1519989;1;6;2;6;821226;3880;1;32;1
1737969;1;1;2;4;52520058;60;1;14;0
1776745;1;1;2;2;21340010;30;1;15;1
1754310;1;1;2;2;22410163;40;1;18;1
1871719;1;1;2;4;13120331;70;1;16;1
1742368;1;1;2;1;22620429;40;1;23;1
1790064;1;1;2;2;52440953;70;807;11;0
1728231;1;1;2;3;83830197;70;1;22;0
1784459;1;1;2;2;84220230;70;1;14;0
1782669;1;1;2;2;96151318;56;698;21;0
1780025;1;1;2;1;66330006;60;130;35;1
1771544;1;1;2;2;22510024;40;1;20;1
1721450;1;1;2;3;13410412;40;1;29;1
1779745;1;1;2;2;83610053;50;1;30;1
1706854;1;1;2;6;13120407;40;1;20;1
1695853;1;1;2;2;93940012;120;318;20;1
1737352;1;1;2;2;12210480;60;130;13;0
1705836;1;1;2;4;13120331;70;1;19;1
1790069;1;1;2;2;52410128;40;1;10;0
1754978;1;1;1;3;12210426;40;1;23;1
1844325;4;1;2;2;52442191;300;130;25;1
1732743;1;1;2;3;83830197;70;392;22;1
1780018;1;1;2;4;63210016;30;1;11;0
1760517;1;1;2;4;51350015;60;807;15;0
1798685;1;1;2;5;76120002;60;698;19;1
1739255;1;1;2;2;6110039;100;573;52;1
1771553;1;1;2;2;83930101;50;1;37;1
1704379;1;1;2;6;21730066;40;1;18;1
1688662;1;1;2;4;13120331;70;1;26;1
1477159;1;5;2;6;228120;1940;100;36;1
1791284;1;1;2;1;41311020;80;1;20;1
1881915;1;1;2;1;93240137;60;318;11;0
1682718;4;1;2;3;86110500;330;50;36;1
1831185;1;1;2;2;52441515;40;1;12;0
1719512;1;1;2;4;13120331;70;1;19;0
1842024;1;1;2;2;83710188;60;573;16;1
1822944;1;1;2;2;22510012;40;1;18;1
1822946;1;1;2;4;11220066;50;1;20;1
1456066;1;5;2;6;821225;1775;1;23;1
1744531;4;1;2;2;52410387;280;318;24;1
1760575;1;1;2;5;22620440;20;1;16;1
1675189;1;1;2;2;84220153;100;1;23;1
1779986;1;1;2;2;84220192;100;1;17;1
1765381;1;1;2;4;13120241;40;1;25;1
1787210;1;1;2;3;41310304;40;455;22;1
1755183;1;1;2;4;21730162;80;1;30;1
1861045;1;1;2;5;13410560;40;1;21;1
1764361;1;1;2;3;12210426;40;473;24;1
1774306;1;1;2;3;22810756;60;130;20;1
1876548;1;1;2;2;52440953;70;1;28;1
1791246;1;1;2;2;22620414;40;845;18;1
1815922;1;1;2;2;22620414;40;1;22;1
1766470;1;1;1;6;22810168;32;1;27;1
1870713;1;1;2;2;52441147;80;1;29;1
1880625;1;1;2;6;21450020;60;1;28;1
1681131;1;1;2;4;13120331;70;1;19;0
1629954;1;5;2;2;838104;1900;698;32;1
1690366;1;1;2;6;41310575;80;1;17;0
1783210;1;1;2;2;52441848;60;1;33;1
1460851;1;5;1;2;935240;1890;1;29;1
1876490;1;1;2;4;13120241;40;318;21;1
1832552;1;1;2;4;66210548;40;698;20;0
1705856;1;1;2;4;13120331;70;212;38;1
1735177;1;1;2;6;13530036;50;698;24;1
1867915;1;1;2;4;2130016;72;1;13;0
1889233;1;1;2;2;94110009;40;1;10;0
1738164;1;1;2;6;13530036;50;698;21;1
1700283;1;1;2;6;84110003;40;824;20;1
1735821;4;1;2;3;2000003;320;318;30;1
1815427;1;1;2;4;22620182;40;698;17;1
1880941;1;1;2;6;83230031;80;1;15;0
1859021;1;1;2;2;83240090;60;1;30;1
1772089;1;1;2;2;86120197;60;455;22;0
1761431;1;1;1;2;52410387;280;318;24;1
1876625;1;1;2;4;11220066;50;1;16;0
1756203;1;1;2;6;13130001;40;399;20;1
1791248;1;1;2;4;13120241;40;548;12;0
1756192;1;1;2;6;13130001;40;399;20;1
1669802;1;1;2;4;13120331;70;573;27;1
1687998;1;1;2;2;52441147;80;1;13;0
1783213;1;1;2;5;22620440;20;1;33;1
1771039;1;1;2;2;12210480;60;130;20;1
1719168;1;1;2;5;13410560;40;807;29;1
1783199;1;1;2;3;12210426;40;399;19;1
1782208;4;1;2;2;52442191;300;573;29;1
1797669;1;1;2;2;83230037;40;824;20;1
1828806;4;1;2;3;2000003;320;698;35;1
1661169;1;6;2;4;228106;3410;1;34;1
1819068;1;1;2;6;86110020;80;1;24;1
1686133;1;1;2;6;13530036;50;573;22;0
1888941;5;1;2;5;12210516;40;1;22;0
1738139;1;1;2;6;41310120;60;1;24;0
1791579;1;1;2;2;52441147;80;130;21;0
1771589;1;1;2;6;22520051;40;1;16;0
1756272;1;1;2;4;13120242;60;318;20;0
1823773;1;1;2;2;83610141;40;1;23;1
1840012;1;1;2;4;84920079;40;698;18;1
1887736;1;1;2;4;52520058;60;1;25;1
1860648;1;1;2;3;12210426;40;548;19;1
1754408;1;1;2;6;22810150;50;1;15;0
1817698;1;1;2;2;83220201;90;318;13;0
1762539;1;1;2;4;13120127;60;1;21;0
1792856;4;1;2;3;2000003;320;455;22;1
1889390;1;1;2;3;12210426;40;1;17;0
1675877;4;1;2;2;21330023;330;378;30;1
1882407;1;1;2;1;22620424;40;1;20;0
1849862;1;1;2;6;21450020;60;1;18;1
1762527;1;1;2;6;13530036;50;1;13;0
1734560;1;1;1;2;52441147;80;1;20;1
1702475;1;1;2;4;22810381;40;698;24;0
1813424;1;1;2;2;52450280;120;1;23;1
1757477;1;1;2;2;83220172;100;1;23;1
1779569;1;1;2;4;22810381;40;698;25;1
1855564;1;1;2;2;83220172;100;807;26;1
1776846;1;1;2;6;66330007;40;318;14;0
1885351;1;1;2;2;52450086;80;1;14;0
1461902;1;5;2;6;935307;1680;1;19;1
1749440;1;5;2;4;838314;1760;698;34;1
1820354;4;1;2;6;84240181;440;548;11;0
1775764;1;1;2;2;83610245;60;318;14;0
1780633;1;1;2;4;13310354;220;318;17;0
1754399;1;1;2;6;22810150;50;1;14;0
1876552;1;1;2;4;83830290;60;845;52;1
1761404;1;1;2;4;84110028;48;318;18;1
1792240;1;1;2;2;52430398;70;1;15;0
1738140;1;1;2;6;83610020;40;1;30;1
1756206;1;1;2;4;13120331;70;1;17;0
1733699;4;1;2;2;86110491;360;785;45;1
1689580;1;1;2;2;52441147;80;807;18;0
1764892;1;1;2;4;52430107;60;1;19;1
1703220;1;1;2;2;52441941;90;1;25;0
1729283;1;1;2;4;86120084;40;1;20;1
1771593;1;1;2;4;13120331;70;1;18;1
1885956;1;1;2;2;83710208;40;845;18;1
1782524;1;1;2;2;12110065;70;698;26;1
1774293;1;1;2;6;21730066;40;1;14;0
1778229;1;1;2;2;83230037;40;698;17;1
1788850;1;1;1;4;13120331;70;1;23;1
1708691;1;1;2;3;12210459;42;517;21;1
1680794;1;1;2;2;82180018;48;1;20;1
1871988;1;1;2;4;83730040;40;698;25;1
1714640;1;1;2;6;13530036;50;698;36;1
1762538;1;1;2;2;22620414;40;1;16;1
1461906;1;5;2;6;841101;1710;1;23;0
1790056;1;1;2;3;21730067;40;1;17;0
1777085;1;1;2;6;13530036;50;698;20;0
1690393;1;1;2;2;93530050;80;1;20;1
1828766;1;1;1;5;13210303;40;1;18;1
1860631;1;1;2;6;13210144;60;1;14;0
1693596;1;1;2;4;66420013;40;1;24;1
1700284;1;1;2;2;52441147;80;807;15;1
1703227;1;1;2;3;83830197;70;807;28;1
1495852;1;5;2;6;832221;1475;256;19;0
1789070;4;1;2;5;83250023;308;397;46;1
1848462;1;1;2;6;13210021;40;1;22;1
1731261;1;1;2;4;12210523;80;1;19;1
1760587;4;1;2;2;84240136;280;780;26;1
1776742;1;1;2;6;41310120;60;212;19;1
1782657;1;1;2;6;83220038;60;698;24;1
1705831;1;1;2;2;93510288;68;1;21;0
1776718;1;1;2;2;86110169;290;397;42;1
1733274;1;1;2;4;13310393;80;318;21;0
1781717;1;1;2;4;13120241;40;318;25;0
1781723;1;1;1;2;22620412;120;1;13;0
1764349;1;1;2;6;62330133;80;1;21;1
1729337;1;1;2;2;83610141;40;1;26;1
1885345;1;1;2;2;82180017;60;1;24;1
1771581;1;1;2;5;3000035;40;100;18;1
1892973;1;1;2;6;41310120;60;1;16;0
1815904;1;1;2;2;52442073;60;1;18;1
1711915;1;1;2;4;13120242;60;1;15;0
1737339;1;1;1;6;22410039;90;1;22;1
1870722;1;1;2;2;21330020;80;1;15;1
1764979;1;1;2;2;52441147;80;1;10;0
1731287;1;1;3;4;13120331;70;1;13;0
1676498;1;1;2;2;84220230;70;1;22;1
1876568;1;1;2;4;13120242;60;1;16;1
1776584;1;1;2;2;93430020;300;573;22;0
1754062;1;1;2;2;21730062;40;1;16;0
1755741;1;1;2;1;22620429;40;698;26;1
1729286;1;1;2;5;12210516;40;1;11;0
1678261;1;5;2;2;524521;1940;1;25;1
1839689;4;1;2;2;83830285;320;256;37;1
1802692;1;1;2;6;13130001;40;399;21;1
1688437;1;1;2;2;21330020;80;1;29;1
1763641;1;1;2;6;83220038;60;1;21;1
1579662;1;6;2;6;525203;3360;1;18;0
1783202;1;1;2;2;52410345;40;698;9;0
1425214;1;6;2;6;525203;3360;75;40;1
1813018;1;6;2;6;223118;3480;1;28;1
1731246;1;1;2;6;13120407;40;100;21;1
1898824;1;1;2;4;12210207;20;1;15;1
1766746;1;1;2;4;13120241;40;318;19;0
1682004;1;1;2;2;22810366;40;100;21;1
1876564;1;1;2;2;84220293;60;1;17;1
1892977;1;1;2;6;22810120;40;743;20;1
1732553;1;1;2;4;12130053;60;1;93;1
1791580;1;1;2;2;52441147;80;1;20;0
1785063;1;1;2;2;12210480;60;100;18;1
1851677;1;1;2;4;22810411;40;1;27;1
1834851;1;1;2;6;22510014;90;548;19;1
1705848;1;1;2;4;13120331;70;1;18;1
1549103;1;5;2;4;228185;1900;1;7;0
1680872;1;5;2;4;838314;1760;212;20;1
1785066;1;1;2;4;22810411;40;532;22;0
1398334;1;6;2;6;228181;3885;450;19;0
1776721;1;1;2;4;13120331;70;212;23;1
1680674;1;1;1;4;13310182;40;318;23;1
1851929;4;1;2;2;86110491;360;50;34;1
1756214;1;1;2;6;86110434;65;397;22;1
1728950;1;1;2;6;41310121;60;1;20;1
1710287;1;1;2;2;83610191;80;318;18;1
1682027;1;1;2;3;12210459;42;807;18;1
1774581;1;1;2;2;83710208;40;573;20;0
1759767;4;1;2;6;52430034;248;378;38;1
1771574;1;1;2;2;52442073;60;256;20;1
1822960;1;1;2;6;83320004;100;1;16;1
1689882;1;1;2;2;86120159;40;573;20;0
1721503;1;1;2;3;83830197;70;622;14;0
1736756;1;1;2;5;22310068;40;1;11;0
1755155;1;1;2;3;52441343;40;807;16;0
1878185;1;1;2;4;21720162;80;1;13;0
1783090;1;1;2;2;86120197;60;318;14;0
1675124;1;1;2;2;22620414;40;573;18;1
1779756;4;1;2;2;83420242;360;573;28;1
1795778;4;1;2;4;83810337;360;513;37;1
1776716;1;1;2;4;83830290;60;1;37;1
1728951;1;1;2;6;52430030;100;1;20;1
1868056;1;1;2;4;13120331;70;573;22;1
1703238;1;1;2;4;83830290;60;1;19;0
1762537;1;1;2;5;22620440;20;1;14;0
1825721;1;1;1;2;83420137;64;1;6;0
1889711;1;1;2;2;22620414;40;1;18;1
1878633;1;1;2;2;52430398;70;1;21;1
1596135;1;6;2;6;921206;3740;1;45;1
1727100;1;1;2;2;52441147;80;807;21;1
1736781;1;1;2;2;52441147;80;698;23;1
1745428;1;1;2;6;22310033;40;397;22;1
1849854;1;1;2;6;52440634;30;1;29;1
1731310;1;1;1;6;13530036;50;256;13;0
1742417;1;1;2;4;13120242;60;318;20;0
1856564;1;1;2;2;52440804;40;807;11;0
1892708;1;1;2;2;52440978;40;1;17;1
1398337;1;6;2;6;228181;3885;1;31;1
1783209;1;1;2;6;93520007;80;1;19;1
1604519;1;4;1;2;935171;885;1;24;1
1754351;1;1;2;4;63210016;30;1;22;1
1629993;1;5;1;2;936167;1940;698;32;1
1713803;1;1;2;2;84220230;70;1;12;0
1826656;1;1;2;3;41310304;40;212;25;1
1760552;1;1;2;6;83320004;100;1;25;1
1578452;1;6;1;4;228183;3840;1;36;1
1776713;1;1;2;1;22620425;120;1;29;1
1851727;1;1;2;2;52440953;70;1;20;1
1878245;1;1;2;6;21450020;60;1;24;0
1889204;1;1;2;2;93510439;60;1;15;1
1712658;1;1;2;2;83220123;40;1;19;0
1845608;1;1;2;2;52440953;70;1;20;1
1784376;1;1;2;2;93510433;60;1;17;1
1754051;1;1;2;4;22810725;90;473;18;0
1783165;1;1;2;4;52520050;40;50;16;1
1483184;1;5;2;4;228172;1900;1;29;1
1791247;1;1;2;2;52442073;60;256;18;1
1792619;1;1;2;6;13410090;40;807;22;1
1811265;1;1;2;2;12210298;70;1;14;0
1731239;1;1;2;3;12210426;40;399;17;1
1790070;1;1;2;2;52410128;40;1;14;0
1701058;1;1;2;2;22620414;40;1;22;1
1724165;1;1;1;4;12130053;60;1;52;1
1686686;1;1;2;2;83930040;40;743;16;1
1863576;1;1;2;4;63410151;40;318;18;1
1812884;1;1;2;4;83830290;60;821;25;1
1674555;1;1;2;4;63420042;100;1;19;1
1757468;1;1;2;2;52441147;80;1;14;0
1828777;1;1;2;2;22620414;40;1;35;1
1814018;1;1;2;2;21340010;30;1;15;1
1724847;1;1;2;6;84510042;80;455;25;1
1785062;1;1;2;6;13530036;50;256;17;0
1860597;1;1;2;2;84220168;50;1;20;1
1756219;1;1;2;2;52450408;60;1;19;1
1504629;1;5;2;6;935307;1680;1;23;0
1671186;1;1;2;4;13210204;20;548;15;1
1826652;1;1;2;5;22620440;20;1;43;1
1811831;1;1;2;2;83710208;40;573;22;1
1815917;1;1;2;2;22620414;40;1;18;1
1868055;1;1;2;6;93520007;80;1;16;0
1709413;1;1;2;6;83220038;60;1;40;1
1891870;1;1;2;2;52440953;70;1;17;1
1814004;1;1;2;5;22620440;20;1;33;1
1753692;1;1;2;6;52410071;50;698;17;1
1838967;1;1;2;1;22620429;40;698;18;0
1775786;1;1;2;2;83610245;60;318;14;0
1759743;1;1;2;6;66330007;40;318;15;1
1456172;1;5;2;2;935502;1940;1;20;1
1731241;1;1;2;3;12210426;40;399;18;1
1792616;1;1;2;2;93930033;90;100;20;1
1669638;1;1;2;2;22620414;40;532;18;1
1692476;1;1;2;4;13120331;70;130;13;0
1870066;1;1;1;2;83420137;64;585;10;0
1721454;1;1;2;2;52441147;80;1;32;1
1704192;1;1;2;4;22810454;40;397;13;0
1745679;1;1;2;4;13120438;40;532;15;0
1765370;1;1;2;2;83710208;40;573;20;0
1773595;1;1;2;2;52441147;80;1;27;1
1727092;1;1;2;2;52441147;80;807;25;1
1363884;1;6;1;2;223310;3880;455;35;1
1784456;1;1;2;2;22620414;40;1;18;1
1456044;1;5;1;4;228172;1900;1;27;1
1710296;1;1;2;2;83610191;80;318;19;1
1850636;1;1;1;4;83830286;40;845;47;1
1790063;1;1;2;2;52442073;60;256;20;1
1750709;1;6;1;4;228181;3885;1;21;1
1484951;1;5;2;6;821225;1775;1;39;1
1682016;1;1;2;2;84310049;40;807;20;1
1736777;1;1;2;3;83830197;70;1;22;1
1578432;1;6;2;4;228181;3885;1;31;1
1860605;1;1;2;2;21730062;40;1;16;1
1695290;1;1;2;6;22620050;40;1;10;0
1760571;1;1;2;2;84310049;40;1;23;1
1821012;1;1;2;2;86110498;360;1;28;0
1729269;1;1;2;4;22810411;40;548;15;0
1867925;1;1;2;2;93510120;90;1;25;0
1871985;1;1;2;4;84920079;40;300;22;1
1477070;1;5;2;4;228172;1900;455;27;1
1882404;1;1;2;6;21450020;60;1;14;0
1878627;1;1;2;4;86120350;50;1;27;1
1848424;1;1;2;6;52450045;60;548;21;1
1702542;4;1;2;2;52430410;330;1;36;1
1751632;1;1;2;2;22620158;40;1;18;1
1751641;1;1;2;2;22620158;40;1;30;1
1790066;1;1;2;3;21730067;40;1;15;0
1705835;1;1;2;6;84110003;40;1;24;0
1629978;1;5;3;6;838201;1900;1;17;0
1688431;1;1;2;2;83220123;40;1;18;1
1780026;1;1;2;6;13210185;30;1;20;1
1781715;1;1;2;6;83220038;60;1;24;1
1752517;1;5;2;2;935307;2200;1;22;1
1733871;1;1;2;4;83610290;320;318;39;1
1766483;1;1;1;4;13120331;70;1;20;1
1790067;1;1;2;6;13210021;40;548;16;0
1889391;1;1;2;6;13210185;30;1;19;1
1745678;1;1;2;4;41310965;150;1;15;0
1735740;4;1;2;4;11220066;50;1;24;1
1878225;1;1;2;6;84510081;80;1;20;1
1771575;1;1;2;6;93510012;40;256;20;1
1816028;1;1;2;2;22620414;40;1;16;0
1762449;1;1;2;2;96151318;56;698;25;1
1838200;1;1;2;1;62330152;200;807;32;1
1690709;1;1;1;2;12210298;70;1;28;0
1705854;1;1;2;3;12210426;40;473;24;1
1882402;1;1;2;2;83220172;100;548;37;1
1461912;1;5;2;6;841101;1710;1;25;1
1885832;1;1;2;2;83610403;90;1;31;1
1745680;1;1;2;4;52442023;40;1;21;1
1849299;4;1;2;6;86110493;260;392;16;0
1849844;1;1;2;6;41310575;80;1;19;1
1706042;1;5;2;2;225306;810;1;23;1
1728979;1;1;2;6;41310575;80;1;20;1
1505230;1;5;2;6;832221;1475;1;21;0
1714991;1;1;2;4;13120331;70;1;21;0
1737965;1;1;2;5;3000035;40;1;21;1
1871760;1;1;2;4;13120331;70;1;17;0
1760572;1;1;2;2;52441147;80;1;20;1
1776782;1;1;2;2;22620412;120;1;13;0
1721459;1;1;2;3;13410412;40;1;30;1
1729593;1;1;2;2;86120159;40;573;17;1
1738050;1;1;2;2;22620158;40;1;16;1
1768447;1;1;2;2;22510096;40;1;14;0
1773775;1;1;1;6;13120407;40;1;22;1
1812936;1;1;2;2;52441147;80;698;30;1
1738146;1;1;2;4;12130053;60;1;21;1
1849860;1;1;2;6;21450020;60;1;13;0
1781584;1;1;2;2;84230192;70;1;25;1
1826643;1;1;2;2;83610273;80;1;16;1
1729216;1;1;2;2;41311120;80;1;18;1
1673386;1;4;2;2;935171;885;1;21;1
1727094;1;1;2;2;52441147;80;1;21;0
1754400;1;1;2;6;22620050;40;1;24;1
1760563;1;1;2;3;13410412;40;1;18;1
1709414;1;1;2;4;13120331;70;1;27;1
1753886;1;1;2;6;21730045;40;548;14;0
1681375;1;6;2;5;621201;3610;1;42;1
1756211;1;1;2;3;21730067;40;1;22;1
1771580;1;1;2;6;21730045;40;548;15;0
1719533;1;1;2;2;52430276;68;1;18;1
1765842;1;1;2;2;22510129;120;1;21;1
1843498;4;1;2;2;52430410;330;1;39;1
1811898;1;6;2;4;524109;3640;1;11;0
1867913;1;1;2;4;2130016;72;1;15;0
1787245;1;1;2;5;22620440;20;1;18;1
1820379;4;1;2;4;83610398;280;517;28;1
1755204;1;1;2;2;41311120;80;256;15;0
1815028;1;1;2;1;76130595;40;455;25;1
1681122;1;1;2;4;13120331;70;1;19;1
1807578;1;1;2;4;52441154;50;1;22;1
1679105;1;5;2;2;836114;1940;1;37;1
1820355;1;1;2;4;21730080;100;1;24;1
1838462;1;1;2;2;84220153;100;1;18;1
1851927;1;1;2;4;84920079;40;698;14;0
1456034;1;5;1;4;228172;1900;1;25;1
1756205;1;1;2;3;12210426;40;399;15;1
1811953;1;6;1;4;228106;3410;1;30;1
1755195;1;1;2;4;86120350;50;1;19;1
1849842;1;1;2;4;13120241;40;1;19;1
1791290;1;1;2;4;83820049;40;532;21;1
1744506;4;1;2;2;21450156;250;473;38;1
1731140;1;1;2;4;63210016;30;1;18;0
1478496;1;5;2;4;228172;1900;532;36;1
1773619;1;1;2;1;22620429;40;698;22;1
1745697;1;1;2;5;41310377;140;1;40;1
1820378;4;1;2;2;83220209;280;517;28;1
1885344;1;1;2;4;86120350;50;1;9;0
1813418;1;1;2;2;21730062;40;1;14;0
1705761;1;5;2;4;133146;1940;1;42;1
1739154;1;1;2;2;52441515;40;1;29;1
1356095;1;6;2;6;228106;3410;1;23;0
1720466;1;1;2;2;83220201;90;318;19;1
1750796;1;5;2;4;228185;1900;1;32;1
1791281;1;1;2;2;52442200;40;1;14;0
1841883;1;1;2;2;83420093;120;1;26;1
1693608;1;1;2;3;13410412;40;1;22;1
1704383;1;1;2;3;22810756;60;397;11;0
1731243;1;1;2;3;12210426;40;399;18;1
1753921;1;1;2;6;41310575;80;1;22;1
1721445;1;1;2;2;12210298;70;1;29;1
1675136;1;1;2;4;22810570;50;743;19;1
1791276;1;1;2;4;13120241;40;807;8;0
1791277;1;1;2;4;13120241;40;548;12;0
1466000;1;5;2;4;228172;1900;355;29;1
1621103;1;5;1;4;228185;1900;1;20;1
1695362;1;1;2;6;22620050;40;1;20;1
1738152;1;1;2;3;51350013;60;807;19;1
1733861;1;1;2;2;83420093;120;573;35;1
1629983;1;5;2;6;838201;1900;1;18;0
1755217;1;1;2;3;83830197;70;821;22;1
1783955;1;1;2;1;93240137;60;698;20;1
1701330;1;1;2;5;22620440;20;1;17;1
1675141;1;1;2;3;12210426;40;1;20;1
1682023;1;1;2;2;21120017;40;1;19;1
1520809;1;5;1;6;842405;1840;1;17;0
1815930;1;1;2;2;21340010;30;1;16;1
1854296;1;1;2;2;21450156;250;50;33;1
1752567;1;6;2;6;525203;3360;1;32;1
1696719;1;5;1;4;228185;1900;1;30;1
1889377;1;1;2;4;83820049;40;1;22;1
1735819;1;1;2;2;22510127;40;318;15;0
1773617;1;1;2;3;83830185;70;622;17;0
1771576;1;1;2;2;52440366;60;807;19;1
1694642;1;4;2;2;935175;880;1;17;0
1476083;1;5;2;4;228172;1900;1;34;1
1580058;1;6;2;5;621201;3610;1;32;1
1892701;1;1;2;2;52440804;40;1;15;1
1870721;1;1;2;4;83920032;80;1;16;1
1755205;1;1;2;3;83830185;70;821;22;1
1854299;1;1;2;4;13120331;70;1;20;1
1783613;4;1;2;5;83250023;308;256;15;0
1785200;4;1;2;2;83830285;320;821;54;1
1703218;1;1;2;2;52441941;90;1;25;1
1801107;1;1;2;5;12210516;40;698;31;1
1849300;4;1;2;6;86110493;260;807;12;0
1780029;1;1;2;4;13120438;40;1;16;0
1765841;1;1;2;4;22810411;40;1;12;0
1798118;1;1;2;2;93510120;90;1;19;1
1741377;1;1;2;2;93820019;40;1;30;0
1677666;4;1;2;2;84240136;280;318;16;1
1881906;1;1;2;6;66330107;100;318;12;0
1739261;1;1;2;4;13120331;70;573;28;1
1669493;1;1;2;3;52441938;60;1;22;0
1721824;1;1;2;2;12210507;60;1;15;1
1860589;1;1;2;5;12210516;40;1;13;0
1860606;1;1;2;2;52441147;80;807;21;1
1682017;1;1;2;6;22520015;80;1;25;1
1738044;1;1;2;4;83210147;60;807;33;1
1718008;1;1;2;4;86120350;50;1;20;1
1752511;1;5;1;2;936167;1940;698;33;1
1859018;1;1;2;6;22810058;40;1;19;0
1823775;1;1;2;4;13310393;80;318;19;0
1776726;1;1;2;2;12210480;60;532;19;1
1781714;1;1;2;2;52441515;40;1;27;1
1491370;1;5;2;6;835106;2380;1;16;0
1747265;1;1;2;2;83710208;40;698;18;0
1681083;1;1;2;2;22620414;40;845;21;1
1719543;1;1;2;2;84310049;40;1;23;1
1365867;1;6;2;6;821226;3880;1;31;0
1722122;1;5;1;4;228120;1940;100;27;1
1709392;1;1;2;2;12210298;70;1;27;1
1851711;1;1;2;2;52440804;40;807;25;1
1629165;1;5;2;4;228185;1900;1;29;1
1820377;4;1;2;2;83220209;280;517;27;1
1300032;1;6;2;6;228106;3410;1;28;0
1431478;1;5;1;6;838201;1900;1;30;1
1792596;1;1;2;2;93930020;60;807;13;0
1776746;1;1;2;2;52441147;80;1;20;1
1675140;1;1;2;4;22810454;40;397;24;1
1675132;1;1;2;3;22810756;60;397;24;1
1681974;1;1;2;5;22510037;40;1;11;0
1856549;1;1;2;6;13210144;60;1;18;1
1721816;1;1;2;4;41310429;50;807;28;1
1784923;1;1;2;6;22620218;60;1;18;1
1456045;1;5;2;4;228172;1900;1;25;1
1711914;1;1;2;6;52440304;40;1;18;1
1736160;1;5;1;4;228185;1900;743;25;1
1456065;1;5;2;6;842405;1840;1;18;0
1762629;1;1;1;4;13120325;40;1;21;1
1756210;1;1;2;4;11110098;40;256;32;1
1765840;1;1;2;2;84310049;40;1;20;1
1857575;1;1;2;4;63410151;40;318;17;1
1791245;1;1;2;6;13210185;30;1;13;0
1681110;1;1;2;4;63210016;30;1;17;0
1660444;1;6;2;5;621201;3610;1;43;1
1791282;1;1;2;3;12210426;40;1;21;1
1766593;1;1;2;2;83610403;90;318;17;0
1329944;1;6;2;6;525203;3360;1;29;0
1795552;1;1;2;5;3000035;40;473;34;1
1851649;1;1;2;4;22810411;40;1;18;0
1841131;1;1;2;2;21340010;30;1;14;0
1876546;1;1;2;2;52441147;80;1;23;1
1629154;1;5;2;4;228185;1900;1;30;1
1738147;1;1;2;6;22620050;40;1;22;1
1629137;1;5;2;4;228185;1900;1;32;1
1856808;4;1;2;2;21330023;330;517;43;1
1740991;1;1;1;6;12230007;50;1;10;0
1777172;4;1;2;2;86110491;360;573;25;1
1432432;1;5;2;6;838201;1900;1;26;0
1786845;1;1;2;6;13410090;40;1;19;1
1805053;1;1;2;1;66330006;60;130;33;1
1834850;1;1;2;2;86110369;64;548;16;1
1430259;1;6;2;2;513601;3380;1;15;0
1719517;1;1;2;3;83830185;70;212;29;1
1865922;1;1;2;2;84220153;100;1;21;1
1831268;1;1;1;2;22620414;40;1;21;1
1846104;1;1;2;2;22510127;40;318;17;1
1629950;1;5;2;2;838104;1900;1;34;1
1764370;1;1;2;2;41311120;80;1;24;1
1776688;1;1;2;6;22810058;40;473;21;1
1731258;1;1;2;4;13120438;40;532;15;0
1663798;1;5;2;4;228185;1900;698;36;1
1365848;1;6;2;6;228181;3885;1;27;0
1578464;1;6;2;4;228106;3410;1;28;1
1299370;1;6;2;6;224130;3110;698;30;1
1841140;1;1;2;4;83820049;40;1;11;0
1780028;1;1;2;5;13310150;30;1;12;0
1889693;1;1;2;4;13120331;70;1;14;0
1473808;1;5;2;4;228172;1900;1;22;0
1779993;1;1;2;4;52520058;60;1;15;1
1412892;2;6;2;6;228106;3410;1;50;0
1363900;1;6;1;6;525203;3360;1;34;1
1756207;1;1;2;4;11110098;40;256;32;1
1363898;1;6;1;6;525203;3360;573;35;1
1796039;1;1;2;6;13530036;50;300;26;1
1783571;1;1;2;6;84510042;80;698;30;1
1776719;1;1;2;2;52440927;40;1;14;0
1430204;1;5;1;6;821225;1775;573;1;0
1701115;1;1;2;5;22620440;20;1;20;1
1731135;1;1;2;4;13120100;40;355;16;1
1732354;1;1;1;2;22620414;40;1;17;1
1689634;1;1;2;6;22810120;40;397;24;1
1737982;1;1;2;6;13410090;40;256;32;1
1785061;1;1;2;4;13120331;70;1;14;0
1771325;1;1;1;4;84240164;80;1;15;1
1729931;1;1;2;2;86120197;60;573;21;0
1743047;2;1;2;4;84110030;40;1;80;1
1662992;5;1;2;5;41310377;140;1;39;1
1776750;1;1;2;2;22620414;40;1;19;1
1396402;1;6;1;6;921206;3740;1;35;1
1766747;1;1;2;4;13120241;40;318;24;1
1728980;1;1;2;4;13120331;70;1;22;1
1681275;1;6;2;6;821226;3880;1;35;1
1629146;1;6;1;6;821226;3880;1;24;1
1456111;1;5;2;6;832221;1475;1;27;1
1297941;1;6;1;6;223201;3740;698;32;1
1811956;1;6;1;6;821226;3880;1;32;1
1796116;1;1;2;6;84110003;40;573;23;0
1785331;1;1;2;6;13530036;50;300;24;1
1430202;1;6;1;6;821226;3880;1;32;1
1596192;1;6;2;6;224130;3110;1;35;1
1759768;4;1;2;6;52450031;320;22;25;1
1878222;1;1;2;4;13120331;70;1;22;1
1753901;1;1;2;4;13120438;40;548;15;0
1746471;2;1;2;4;41430001;40;1;80;1
1734274;1;1;2;1;66330006;60;318;20;1
1738203;2;1;2;5;22620438;40;1;80;1
1775817;1;1;2;6;66330107;100;318;16;1
1364786;1;6;1;6;223201;3740;698;31;1
1734828;1;1;2;2;22410163;40;517;25;1
1838965;1;1;2;4;84920079;40;845;16;1
1847068;2;1;2;5;22810745;40;1;58;1
1739010;1;1;2;4;83820049;40;1;16;1
1705833;1;1;2;6;86110493;260;824;31;0
1679024;1;5;2;2;836222;1940;1;36;1
1871745;1;1;2;3;12210426;40;1;12;0
1752507;1;5;2;2;837126;2200;698;33;1
1735734;1;1;2;2;22510048;40;1;5;0
1763648;1;1;2;4;83820049;40;1;19;1
1792621;1;1;2;6;41310575;80;807;22;1
1819058;1;1;2;2;84220153;100;1;21;1
1750718;1;6;2;4;228181;3885;1;17;0
1430258;1;6;1;4;228101;3720;1;21;0
1478775;1;5;2;4;228172;1900;532;37;1
1756212;1;1;2;3;21730067;40;1;17;0
1396403;1;6;2;6;921206;3740;698;34;1
1700273;1;1;2;4;62120129;80;473;16;0
1755809;1;1;2;2;52450400;90;450;30;1
1871701;1;1;2;2;83420093;120;573;36;1
1728982;1;1;2;4;13120438;40;548;18;1
1432649;1;5;1;6;837126;1940;300;27;1
1464881;1;6;1;6;821226;3880;1;34;1
1782667;1;1;2;3;13410413;40;698;25;0
1679894;1;1;2;2;21450156;250;573;29;0
1771082;2;1;2;4;84110030;40;1;80;1
1327313;1;6;2;6;821226;3880;1;30;1
1838356;1;1;2;6;22620218;60;1;10;0
1483191;1;5;2;4;228172;1900;1;29;1
1774462;1;1;2;4;86120350;50;532;21;1
1800341;1;1;2;4;21720169;80;1;25;1
1758421;1;1;2;4;52430107;60;1;17;1
1762464;2;1;2;4;41430001;40;1;59;1
1848214;2;1;2;5;22620438;40;1;64;0
1871749;1;1;2;6;84240046;100;1;11;0
1749104;2;1;2;5;22810745;40;1;36;0
1774456;1;1;2;4;86120350;50;532;24;1
1771038;1;1;2;6;83220038;60;1;27;1
1475008;1;5;1;4;634205;1580;455;22;0
1755627;1;4;2;2;935171;885;1;21;1
1719146;1;1;2;2;41311120;80;1;19;0
1774460;1;1;2;4;86120350;50;532;21;1
1813481;1;1;2;3;22320034;70;1;29;1
1845620;1;1;2;4;52520045;40;1;15;0
1740070;1;1;2;4;13120331;70;1;14;0
1430203;1;5;2;4;832415;1327;1;21;0
1682020;1;1;2;6;52440145;60;1;16;1
1885310;1;1;2;4;22810758;40;743;20;1
1681971;1;1;2;2;12210480;60;548;16;0
1696622;1;1;1;4;63410151;40;807;16;1
1464952;1;5;3;6;842405;1840;1;17;0
1743290;2;1;2;3;22810777;40;1;26;0
1682021;1;1;2;3;12210426;40;473;25;1
1782610;1;1;2;3;13410413;40;698;40;1
1502539;1;6;2;4;228106;3410;1;52;1
1749446;1;5;2;4;838314;1760;698;34;1
1851648;1;1;2;4;13120241;40;1;20;1
1875608;4;1;2;2;52442191;300;548;30;1
1771556;1;1;2;1;41311020;80;1;20;1
1682578;1;6;1;6;223219;3740;1;35;1
1744688;1;1;2;2;52450205;40;1;17;1
1750714;1;6;1;4;228181;3885;1;25;1
1464942;1;5;2;6;228120;1940;1;30;1
1750548;1;6;2;6;821226;3880;1;29;1
1784427;1;1;2;4;83820049;40;532;23;1
1784732;1;1;2;4;52520045;40;50;5;0
1713438;1;1;2;2;84220263;40;100;24;1
1629976;1;5;2;2;834214;2200;698;24;1
1732359;1;1;2;4;13120242;60;318;18;1
1877001;2;1;2;4;41430001;40;1;64;1
1689622;1;1;2;2;52442021;60;1;10;0
1885341;1;1;2;2;52440987;40;1;14;0
1722855;1;1;2;6;84110003;40;698;29;1
1705760;1;4;2;2;935171;885;1;20;1
1466344;1;5;2;4;228172;1900;1;24;1
1698894;2;1;2;4;84110030;40;1;90;1
1684620;1;5;1;2;936167;1940;300;32;1
1688433;1;1;2;2;84310049;40;1;22;1
1704348;1;5;2;2;832221;2200;455;32;1
1772039;1;1;2;2;86120197;60;455;19;0
1461907;1;5;2;6;861121;1400;1;30;1
1851784;1;1;2;2;83610191;80;318;21;1
1578455;1;6;2;4;228106;3410;1;36;1
1762463;2;1;2;5;41220016;40;1;80;1
1773622;1;1;2;2;41310983;80;1;24;1
1547965;1;5;2;6;832221;1475;1;23;1
1682421;1;5;1;2;821225;2200;698;28;1
1736683;1;1;2;6;13410090;40;473;20;1
1688448;1;1;2;2;83610273;80;1;18;1
1677920;1;1;1;2;82120048;220;1;17;0
1851710;1;1;2;2;52440804;40;807;11;0
1885831;1;1;2;4;13120331;70;1;44;1
1679232;1;1;2;4;13120241;40;318;25;0
1881907;1;1;2;3;13310098;120;318;20;1
1679961;1;6;2;4;228101;3720;1;25;1
1759695;2;1;2;3;12310170;40;1;80;0
1596184;1;6;1;4;522707;3700;1;19;0
1756354;2;1;2;4;84110030;40;1;80;1
1851707;1;1;2;2;52440804;40;807;13;0
1711930;1;1;2;6;41310575;80;1;10;0
1490228;1;5;2;6;831104;1500;1;16;0
1689040;2;1;2;4;41430001;40;1;90;1
1718538;1;1;2;4;63410151;40;517;25;1
1709395;1;1;2;2;83610252;150;1;30;1
1723084;2;1;2;2;22510150;40;1;56;0
1762493;1;1;2;4;13120331;70;573;20;0
1766824;2;1;2;5;41220016;40;1;81;1
1854297;1;1;2;1;66330006;60;473;30;1
1812074;1;1;2;2;6110039;100;573;45;1
1791279;1;1;2;4;86120350;50;532;20;1
1471438;1;5;2;4;228172;1900;1;29;1
1755197;1;1;2;4;86120350;50;1;16;0
1732334;1;1;2;4;13120241;40;318;29;0
1750570;1;5;2;2;224222;2200;698;28;1
1695361;1;1;2;2;12210480;60;548;15;0
1752564;1;5;2;2;226234;1945;698;35;1
1716388;1;1;2;2;83420093;120;573;39;1
1675138;1;1;2;4;13120331;70;1;19;0
1760555;1;1;2;1;66330006;60;1;25;1
1471518;1;5;2;4;228172;1900;455;20;0
1705855;1;1;2;6;86110493;260;807;21;0
1698086;1;1;1;3;12210426;40;1;21;1
1781713;1;1;2;3;52441938;60;1;26;1
1844297;1;1;2;4;13120241;40;318;26;1
1677802;2;1;2;5;22620438;40;1;90;1
1428701;1;6;1;6;525203;3360;256;26;1
1782639;1;1;2;3;13410413;40;698;22;1
1845116;2;1;2;5;22810744;40;1;56;1
1629158;1;6;2;4;228106;3410;1;29;0
1753935;1;1;2;3;12210426;40;473;16;1
1725158;1;1;2;3;12210426;40;1;23;1
1706239;1;5;2;2;832221;2200;1;39;1
1736372;1;1;2;2;82180017;60;1;30;1
1679352;2;1;2;2;22510150;40;1;90;0
1430243;1;5;2;4;228172;1900;1;27;1
1752575;1;5;1;4;838314;1760;1;31;1
1841205;1;1;2;2;83710208;40;455;25;1
1704615;1;1;2;2;86120197;60;573;19;0
1763990;4;1;2;6;52442194;300;22;31;1
1800343;1;1;2;2;22620414;40;1;19;1
1757363;1;1;2;2;86110482;300;1;25;1
1485333;1;5;2;4;228172;1900;110;31;1
1794237;1;1;2;4;13120241;40;318;32;1
1668933;2;1;2;5;41220016;40;1;90;1
1728984;1;1;2;6;83230006;40;1;20;1
1729267;1;1;2;5;13120171;20;473;20;1
1717951;2;1;2;5;22810745;40;1;34;0
1839951;2;1;2;5;22810744;40;1;64;1
1893924;1;1;2;1;96110003;40;1;19;1
1703768;2;1;2;5;22620438;40;1;92;1
1777171;1;1;1;5;13120456;40;1;25;1
1430257;1;5;2;4;228172;1900;548;22;1
1675125;1;1;2;3;12210426;40;1;27;1
1764352;1;1;2;2;22810366;40;807;31;1
1683315;1;6;1;6;921206;3740;1;36;1
1759764;4;1;2;2;52430410;330;807;36;1
1365869;1;6;2;6;223309;3740;1;27;1
1484949;1;5;2;6;832221;1475;1;32;1
1519984;1;6;1;2;217307;3480;1;19;0
1580193;1;6;1;6;921206;3740;1;37;1
1782668;1;1;2;3;13410413;40;698;24;0
1828062;2;1;2;5;51250034;60;1;100;1
1887126;2;1;2;4;12310066;40;1;64;1
1785077;1;1;2;2;84310049;40;548;31;1
1716609;2;1;2;4;41430001;40;1;46;1
1731260;1;1;2;2;12210480;60;532;16;0
1682599;1;5;2;2;836114;1940;1;22;0
1762536;1;1;2;2;22620414;40;1;11;0
1703932;1;5;2;2;836114;1940;1;30;1
1629971;1;5;2;2;935240;1890;1;28;1
1791249;1;1;2;4;13120241;40;355;20;1
1711542;1;1;2;2;22510015;40;1;18;1
1729285;1;1;2;5;13210303;40;473;25;1
1517271;1;5;2;6;832221;1475;1;34;1
1705852;1;1;2;4;13120241;40;355;15;1
1714990;1;1;2;4;13120331;70;1;23;1
1722186;1;1;2;6;84110003;40;573;21;0
1860641;1;1;2;2;83610131;60;548;19;1
1716601;2;1;2;5;41220016;40;1;93;1
1816623;2;1;2;5;22620438;40;1;50;0
1719534;1;1;2;2;22620414;40;1;16;1
1474087;1;5;2;6;832221;1475;513;31;1
1579660;1;6;2;6;525203;3360;1;34;1
1745682;1;1;2;6;83220038;60;517;25;1
1764351;1;1;2;6;41310575;80;807;30;1
1430201;1;5;1;6;839305;1940;698;25;1
1669489;2;1;2;3;13210301;40;1;90;0
1699386;1;1;2;6;83220038;60;517;25;1
1688902;2;1;2;3;13210301;40;1;90;1
1464954;1;5;1;2;842404;1840;1;10;0
1717964;2;1;2;3;13210301;40;1;90;1
1753913;1;1;2;1;66330006;60;130;25;1
1675123;1;1;2;6;84110003;40;1;20;0
1714341;1;1;2;3;21730067;40;698;20;1
1717947;2;1;2;3;12310018;40;1;34;0
1716036;1;1;2;1;66330006;60;807;27;1
1742362;1;1;2;4;13120230;20;807;20;1
1736700;1;1;2;6;22310030;40;1;30;1
1688399;1;1;2;4;13120241;40;318;21;1
1300027;1;6;1;4;513101;3880;1;24;0
1432656;1;5;1;2;932421;1840;573;31;1
1738617;2;1;2;5;22810745;40;1;44;1
1858723;1;1;2;5;22620440;20;142;15;1
1681381;1;5;1;2;838104;1900;1;26;1
1860581;1;1;2;6;22520051;40;1;21;1
1725154;1;1;2;3;12210426;40;399;16;1
1752570;1;6;2;6;525201;3310;1;35;1
1725526;2;1;2;3;22810777;40;1;25;0
1466786;1;5;2;4;228172;1900;1;24;0
1694582;1;1;2;6;13530036;50;573;35;1
1578377;1;6;1;4;513101;3880;1;36;1
1325418;1;6;2;6;223219;3740;1;30;1
1467791;1;6;3;2;821222;3940;1;32;1
1597021;1;6;2;5;621201;3610;1;37;1
1396406;1;6;1;6;223219;3740;1;27;1
1728601;2;1;2;3;12310175;40;1;28;0
1868072;1;1;2;2;82180017;60;1;24;1
1752573;1;6;2;6;525201;3310;1;31;1
1796498;2;1;2;5;51250026;60;1;80;1
1717930;2;1;2;5;22810744;40;1;62;0
1847063;2;1;2;5;22810748;60;1;64;1
1700232;2;1;2;3;13210301;40;1;90;1
1735745;1;1;2;6;52440365;50;807;19;1
1730704;2;1;2;5;22810747;40;1;48;0
1690645;2;1;2;3;12310018;40;1;90;1
1300029;1;6;1;6;524109;3640;1;23;0
1820353;1;1;2;2;22510115;40;1;16;1
1753570;1;5;2;2;832221;2200;1;33;1
1870723;1;1;2;6;22520051;40;1;20;1
1816611;2;1;2;5;51250034;60;1;60;0
1691884;2;1;2;3;13210301;40;1;90;1
1750684;1;6;1;6;223217;3380;1;30;1
1690641;2;1;2;4;13410029;40;1;91;0
1785064;1;1;2;4;52441154;50;1;21;1
1678990;1;1;2;4;84240164;80;1;12;0
1725155;1;1;2;3;12210426;40;399;15;1
1699412;1;1;2;4;13120331;70;1;29;1
1399352;1;6;2;2;821222;3940;1;30;1
1819063;1;1;2;4;86120350;50;1;30;1
1753752;1;5;2;2;836114;1940;318;28;1
1778561;1;1;2;6;66330007;40;1;23;1
1866260;2;1;2;3;13210301;40;1;64;0
1596161;1;6;2;6;525201;3310;1;19;0
1853833;1;2;2;4;821236;880;1;27;1
1855299;1;6;2;6;225302;3760;1;29;1
1711039;2;1;2;3;12310018;40;1;71;0
1694987;2;1;2;5;21730030;40;1;90;0
1853860;1;2;2;4;821236;880;1;19;1
1365857;1;6;2;6;524109;3640;1;21;0
1839380;2;1;2;3;22420185;40;1;67;1
1430241;1;5;2;4;228172;1900;1;32;1
1738618;2;1;2;3;13210301;40;1;80;1
1784784;4;1;2;2;21450156;250;137;36;1
1725451;2;1;2;4;84110030;40;1;68;1
1852053;1;1;2;5;12210516;40;743;21;1
1810131;2;1;2;5;22810744;40;1;53;1
1365871;1;6;2;6;224208;3720;1;26;1
1596105;1;6;2;6;223219;3740;1;32;1
1673059;2;1;2;5;22810744;40;1;90;1
1480979;1;5;2;6;832221;1475;1;34;1
1853162;2;1;2;5;51250026;60;1;77;0
1741809;1;1;2;1;93240137;60;807;19;1
1703774;2;1;2;5;22620438;40;1;91;1
1430273;1;6;2;6;525201;3310;1;30;1
1676738;1;1;1;6;84240167;60;1;20;1
1365865;1;6;2;6;228106;3410;1;21;1
1738212;2;1;2;4;41311166;60;1;50;1
1785076;1;1;2;1;22620429;40;1;22;1
1774590;1;1;2;6;84110003;40;573;22;1
1773391;2;1;2;5;22620438;40;1;80;1
1748108;1;1;1;2;22510015;40;1;8;0
1430240;1;5;2;4;228172;1900;1;30;1
1877020;2;1;2;5;41220016;40;1;65;1
1766128;2;1;2;3;21450168;40;1;55;0
1464946;1;6;1;4;228106;3410;1;28;0
1860614;1;1;2;2;52440927;40;1;8;0
1725527;2;1;2;3;22810777;40;1;22;0
1879717;2;1;2;3;21450168;40;1;64;0
1596185;1;6;2;4;522706;3520;1;20;0
1705879;2;1;2;4;41310025;40;1;69;0
1751440;2;1;2;6;21730028;40;1;80;1
1751235;2;1;2;6;41310002;40;1;52;1
1762452;2;1;2;6;21710003;40;1;69;1
1396405;1;6;2;2;223310;3880;142;32;1
1671004;2;1;2;3;22810777;40;1;75;0
1430244;1;5;1;4;228172;1900;1;24;1
1887112;2;1;2;4;12310066;40;1;64;0
1877005;2;1;2;4;41430001;40;1;64;1
1697699;2;1;2;5;21730030;40;1;90;0
1698911;2;1;2;5;22810744;40;1;90;1
1887130;2;1;2;4;12310066;40;1;64;1
1430245;1;5;1;4;228172;1900;1;25;1
1430242;1;5;2;4;228172;1900;1;32;1
1750775;1;6;1;4;228101;3720;1;19;1
1677191;1;1;1;2;22510015;40;1;18;0
1629956;1;6;2;6;525203;3360;1;38;1
1722882;2;1;2;5;51250026;60;1;90;1
1679957;1;6;1;4;228106;3410;1;37;1
1825855;2;1;2;5;51250026;60;1;80;1
1723322;2;1;2;5;21730030;40;1;57;0
1725071;2;1;2;5;22810748;60;1;105;1
1668859;2;1;2;5;21730030;40;1;90;1
1751323;2;1;2;3;12310018;40;1;80;1
1760982;2;1;2;5;22810741;40;1;83;0
1676753;1;1;2;2;22510015;40;1;18;0
1761936;2;1;2;4;93440007;40;1;62;1
1430264;1;6;1;4;217211;3840;1;19;0
1743285;2;1;2;3;22810777;40;1;28;0
1725447;2;1;2;2;92220008;40;1;85;1
1873328;2;1;2;5;22620438;40;1;64;0
1692146;2;1;2;5;22810744;40;1;90;1
1679474;1;1;2;6;84110003;40;573;20;0
1672474;2;1;2;5;22810744;40;1;90;1
1752566;1;6;2;6;525203;3360;1;29;1
1679954;1;6;2;4;228106;3410;1;32;1
1770379;2;1;2;4;93440006;40;1;39;0
1668869;2;1;2;5;41220016;40;1;90;1
1671027;2;1;2;5;21730030;40;1;92;0
1671020;2;1;2;5;21730030;40;1;90;0
1675499;2;1;2;5;21720168;60;1;90;1
1773430;2;1;2;5;22810741;40;1;82;0
1738222;2;1;2;4;13410029;40;1;76;1
1788684;2;1;2;2;92220008;40;1;19;0
1803244;2;1;2;5;51250026;60;1;80;1
1845086;2;1;2;5;22810745;40;1;60;1
1738214;2;1;2;6;21710003;40;1;80;1
1788659;2;1;2;4;84110030;40;1;60;1
1689038;2;1;2;5;22810744;40;1;90;1
1474013;1;5;2;6;832221;1475;573;13;0
1730707;2;1;2;3;22420185;40;1;92;1
1629152;1;6;2;4;228106;3410;1;22;0
1773394;2;1;2;3;12310018;40;1;59;0
1677806;2;1;2;5;22620438;40;1;90;1
1668552;2;1;2;4;93440007;40;1;90;1
1682376;1;6;2;2;821222;3940;1;33;1
1691865;2;1;2;3;13210301;40;1;90;1
1683233;2;1;2;5;51250026;60;1;90;1
1845096;2;1;2;3;13210301;40;1;64;1
1839943;2;1;2;5;41220016;40;1;64;1
1769622;2;1;2;3;13210301;40;1;80;1
1782874;2;1;2;4;41310026;40;1;83;0
1713615;2;1;2;5;51250023;60;1;82;0
1856301;1;1;1;6;84240060;80;1;15;0
1679398;2;1;2;3;62330147;40;1;90;0
1682395;1;6;2;2;821222;3940;1;35;1
1746486;2;1;2;3;13210301;40;1;80;1
1750799;1;6;2;2;821222;3940;1;36;1
1784820;2;1;2;3;13210301;40;1;25;1
1760661;1;1;2;5;22510010;40;1;18;0
1688691;1;1;2;1;93240137;60;1;19;1
1717926;2;1;2;5;21720168;60;1;59;0
1854701;2;1;2;5;41220016;40;1;64;1
1723325;2;1;2;5;21730030;40;1;56;0
1672930;2;1;2;5;22810746;40;1;90;1
1766808;2;1;2;5;51250025;60;1;83;1
1749105;2;1;2;5;22810744;40;1;30;0
1885568;2;1;2;5;22810741;40;1;64;1
1720766;1;1;2;6;84110003;40;698;25;1
1698893;2;1;2;2;22420154;40;1;91;0
1363886;1;6;2;5;621201;3610;1;37;1
1738224;2;1;2;5;41220016;40;1;78;1
1669488;2;1;2;3;13210301;40;1;90;0
1782785;2;1;2;4;41430001;40;1;80;1
1668846;2;1;2;5;21730030;40;1;93;1
1822754;1;1;2;1;66330006;60;1;20;1
1473304;1;5;2;6;838105;1900;1;32;1
1866233;2;1;2;3;13210301;40;1;64;0
1668891;2;1;2;5;21730030;40;1;90;1
1430675;1;6;1;6;224208;3720;1;24;0
1673058;2;1;2;4;84110030;40;1;90;1
1671028;2;1;2;3;22810777;40;1;75;0
1691891;2;1;2;5;22810744;40;1;90;0
1762996;2;1;2;2;83810343;40;1;61;1
1784575;1;1;2;4;84240178;60;1;18;1
1824163;2;1;2;5;51250025;60;1;80;0
1790447;2;1;2;5;22620438;40;1;81;1
1762475;2;1;2;5;22620438;40;1;80;1
1726819;1;1;2;6;84240184;40;1;12;0
1673844;2;1;2;5;21720168;60;1;91;1
1790444;2;1;2;5;22620438;40;1;80;1
1780150;2;1;2;3;12310170;40;1;20;0
1721498;2;1;2;5;22810745;40;1;34;0
1762476;2;1;2;5;22620438;40;1;80;0
1728572;2;1;2;5;22810746;40;1;90;1
1717061;2;1;2;3;11220130;40;1;52;0
1673042;2;1;2;2;22420183;40;1;35;0
1766032;2;1;2;5;21730030;40;1;16;0
1866219;2;1;2;3;13210301;40;1;64;1
1794456;2;1;2;4;83240071;40;1;80;1
1866238;2;1;2;3;13210301;40;1;65;0
1738633;2;1;2;4;41310026;40;1;81;0
1690772;2;1;2;3;21450168;40;1;90;1
1786114;2;1;2;5;22810745;40;1;80;1
1728584;2;1;2;4;93440007;40;1;90;1
1759727;2;1;2;3;13210301;40;1;81;1
1784818;2;1;2;3;13210301;40;1;27;0
1854646;2;1;2;4;41430001;40;1;64;1
1768924;2;1;2;5;22810741;40;1;82;0
1738621;2;1;2;5;22810744;40;1;35;1
1887135;2;1;2;4;13410029;40;1;64;1
1689046;2;1;2;4;41311166;60;1;91;1
1738204;2;1;2;5;22620438;40;1;80;1
1720651;2;1;2;5;41410047;180;1;93;1
1743189;1;1;2;2;93240032;40;130;21;1
1786153;2;1;2;5;22810744;40;1;16;0
1412893;2;6;2;4;228101;3720;1;50;1
1831389;2;1;2;5;22620438;40;1;71;1
1668567;2;1;2;4;41311166;60;1;92;1
1848032;1;1;2;6;84240060;80;1;8;0
1677088;2;1;2;5;21720168;60;1;90;1
1717068;2;1;2;3;12310175;40;1;91;1
1872318;2;1;2;5;51250026;60;1;80;0
1854695;2;1;2;6;21710003;40;1;64;1
1879713;2;1;2;5;21730030;40;1;64;0
1738202;2;1;2;2;83810343;40;1;80;1
1853148;2;1;2;5;51250026;60;1;66;0
1879726;2;1;2;3;21450168;40;1;64;0
1872391;2;1;2;5;51250023;60;1;81;1
1579648;1;6;2;6;525203;3360;1;35;1
1738220;2;1;2;4;83240071;40;1;70;0
1670550;2;1;2;5;51250026;60;1;90;1
1760878;2;1;2;5;22810744;40;1;81;0
1738619;2;1;2;3;13210301;40;1;81;1
1738226;2;1;2;3;12310170;40;1;56;0
1807229;2;1;2;5;51250026;60;1;81;1
1716600;2;1;2;6;21710003;40;1;65;1
1769447;2;1;2;2;92220008;40;1;80;1
1797993;2;1;2;5;51250023;60;1;80;0
1669486;2;1;2;5;21730030;40;1;90;0
1760877;2;1;2;3;13210301;40;1;80;0
1854944;2;1;2;5;22810747;40;1;64;1
1759701;2;1;2;5;21730030;40;1;80;0
1875007;2;1;2;5;22620438;40;1;64;0
1717962;2;1;2;3;13210301;40;1;90;1
1879707;2;1;2;5;21730030;40;1;64;0
1464939;1;5;2;6;228120;1940;1;31;1
1839949;2;1;2;5;41220016;40;1;64;1
1689034;2;1;2;5;41220016;40;1;91;1
1782792;2;1;2;5;41220016;40;1;58;1
1698396;2;1;2;5;21720168;60;1;90;0
1705870;2;1;2;4;41310026;40;1;69;0
1773450;1;1;2;2;93240032;40;1;24;1
1756359;2;1;2;5;21720168;60;1;57;0
1713774;2;1;2;4;13410029;40;1;50;1
1697548;2;1;2;5;22810744;40;1;90;1
1784544;2;1;2;5;22810744;40;1;34;0
1716603;2;1;2;4;13410029;40;1;50;1
1690770;2;1;2;5;21730030;40;1;90;0
1694995;2;1;2;5;21730030;40;1;91;0
1668905;2;1;2;5;21730030;40;1;90;1
1828028;2;1;2;5;51250034;60;1;100;0
1669497;2;1;2;5;21730030;40;1;90;0
1866044;2;1;2;5;51250026;60;1;80;1
1743114;2;1;2;5;21730030;40;1;57;0
1668334;2;1;2;4;51130033;40;1;90;0
1768908;2;1;2;5;22810744;40;1;52;0
1725525;2;1;2;6;21730028;40;1;91;1
1748291;2;1;2;2;92220008;40;1;81;1
1765991;2;1;2;5;21730030;40;1;17;0
1827066;2;1;2;5;22810746;40;1;80;1
1853539;2;1;2;5;21730030;40;1;64;1
1710369;2;1;2;5;22810744;40;1;75;1
1629958;1;6;2;5;621201;3610;1;36;1
1738211;2;1;2;4;93440006;40;1;81;1
1813039;1;6;2;6;225302;3760;1;31;1
1754158;1;1;1;5;42110035;40;1;30;1
1858491;1;1;2;1;66330006;60;1;25;1
1808793;2;1;2;5;21720168;60;1;53;1
1782821;2;1;2;4;83240071;40;1;49;0
1703742;2;1;2;5;51250026;60;1;90;1
1839524;2;1;2;4;41311166;60;1;64;1
1786079;2;1;2;2;22420154;40;1;52;0
1866055;2;1;2;5;51250026;60;1;61;1
1738615;2;1;2;5;22810744;40;1;45;1
1679276;2;1;2;3;22420185;40;1;91;0
1780517;2;1;2;5;21730030;40;1;66;0
1786117;2;1;2;5;22810747;40;1;40;0
1782804;2;1;2;4;93440006;40;1;70;1
1720783;1;1;1;2;22620414;40;1;15;1
1743110;2;1;2;5;21730030;40;1;62;0
1807579;2;1;2;5;51250026;60;1;80;1
1836333;2;1;2;5;51250026;60;1;80;1
1859189;2;1;2;5;51250023;60;1;66;0
1670505;2;1;2;5;51250026;60;1;93;1
1430673;1;6;1;6;223217;3380;1;24;1
1668833;2;1;2;3;21450168;40;1;90;0
1690684;2;1;2;4;93440007;40;1;90;1
1786142;1;1;2;1;66330006;60;1;23;1
1854899;2;1;2;5;22810747;40;1;64;1
1751475;2;1;2;3;21450168;40;1;81;1
1680786;2;1;2;2;22420154;40;1;90;0
1845112;2;1;2;5;22810746;40;1;61;1
1710520;2;1;2;2;92220008;40;1;90;1
1697755;2;1;2;5;21730030;40;1;90;0
1669427;2;1;2;4;11220131;60;1;90;0
1670558;2;1;2;5;51250026;60;1;90;1
1784831;2;1;2;5;22810746;40;1;25;0
1718306;2;1;2;5;52410332;40;1;44;0
1839964;2;1;2;5;21730030;40;1;80;0
1668832;2;1;2;3;21450168;40;1;90;1
1705142;2;1;2;3;22420185;40;1;91;0
1766791;2;1;2;5;51250026;60;1;83;1
1717944;2;1;2;4;51130033;40;1;90;1
1748104;1;1;2;6;84240046;100;1;20;0
1853781;2;1;2;5;51250026;60;1;80;1
1854943;2;1;2;4;83240071;40;1;64;1
1859202;2;1;2;5;51250035;60;1;80;1
1738634;2;1;2;3;11220129;60;1;29;0
1747096;2;1;2;5;51250026;60;1;80;1
1782797;2;1;2;6;21710003;40;1;52;1
1839376;2;1;2;5;52410332;40;1;67;1
1839377;2;1;2;4;83240071;40;1;67;1
1670551;2;1;2;5;51250026;60;1;90;1
1771318;2;1;2;5;21720168;60;1;49;0
1782830;2;1;2;5;52410332;40;1;20;0
1300000;1;6;2;2;524132;3460;698;24;1
1690656;2;1;2;3;11220130;40;1;90;1
1759707;2;1;2;4;83240071;40;1;81;0
1773451;2;1;2;4;93440006;40;1;23;0
1839941;2;1;2;6;21710003;40;1;64;1
1670547;2;1;2;5;51250026;60;1;91;1
1669406;2;1;2;4;51130033;40;1;90;1
1697567;2;1;2;5;22810745;40;1;90;1
1670557;2;1;2;5;51250026;60;1;90;1
1754303;2;1;2;4;93440006;40;1;70;1
1718339;2;1;2;5;21730030;40;1;87;0
1716602;2;1;2;4;41311166;60;1;55;1
1740035;2;1;2;5;51250026;60;1;80;1
1770765;2;1;2;4;41311166;60;1;52;1
1771090;2;1;2;2;92220008;40;1;80;1
1689018;2;1;2;6;21710003;40;1;90;1
1710370;2;1;2;5;22810746;40;1;69;1
1743076;2;1;2;5;21720168;60;1;66;1
1771092;2;1;2;3;21450168;40;1;62;1
1718341;2;1;2;5;22810747;40;1;50;0
1754307;2;1;2;4;93440007;40;1;80;1
1839483;2;1;2;5;51250023;60;1;80;1
1703669;2;1;2;5;51250023;60;1;93;1
1710395;2;1;2;2;22420154;40;1;92;0
1827065;2;1;2;5;51250026;60;1;80;1
1768904;2;1;2;2;22420154;40;1;75;0
1668209;2;1;2;4;51130033;40;1;90;1
1797991;2;1;2;5;51250026;60;1;80;1
1700410;1;1;1;4;84240176;60;1;16;0
1690707;2;1;2;4;51130033;40;1;90;1
1785923;2;1;2;2;92220008;40;1;20;0
1843726;2;1;2;5;21720168;60;1;64;1
1773487;2;1;2;5;51250026;60;1;53;1
1673128;2;1;2;6;21720007;40;1;90;1
1717939;2;1;2;5;21720168;60;1;62;0
1723383;2;1;2;5;51250026;60;1;101;1
1760046;2;1;2;5;52410332;40;1;80;0
1717965;2;1;2;5;22810746;40;1;75;1
1722155;1;1;2;5;22620440;20;1;15;1
1713767;2;1;2;5;22810746;40;1;51;1
1740050;2;1;2;2;92220008;40;1;65;1
1766159;2;1;2;3;21450168;40;1;55;0
1785901;2;1;2;3;21450168;40;1;48;0
1768970;2;1;2;5;52410332;40;1;80;0
1673104;2;1;2;5;52410332;40;1;91;0
1629969;1;6;2;5;621201;3610;1;30;1
1773452;2;1;2;4;93440007;40;1;50;1
1738622;2;1;2;5;52410332;40;1;37;0
1669418;2;1;2;4;11220131;60;1;92;0
1725030;2;1;2;5;21720168;60;1;90;1
1855062;2;1;2;4;83240071;40;1;64;1
3197654;2;1;2;5;21720171;20;1;23;1
3197658;2;1;2;5;21720171;20;1;9;0
3197510;2;1;2;5;21720171;20;1;30;1
3197613;2;1;2;5;21720171;20;1;16;1
3197188;2;1;2;5;21720171;20;1;10;0
3198018;2;1;2;5;21720171;20;1;31;1
3197219;2;1;2;5;21720171;20;1;15;1
3197952;2;1;2;5;21720171;20;1;42;1
1862741;2;1;2;5;51250026;60;1;62;0
1877009;2;1;2;6;21710003;40;1;64;1
1844593;2;1;2;5;51250026;60;1;80;1
1669417;2;1;2;4;51130033;40;1;90;0
1732928;2;1;2;4;51130033;40;1;80;1
1836335;2;1;2;5;51250026;60;1;80;1
1823674;2;1;2;5;51250026;60;1;80;1
1760103;2;1;2;4;51130033;40;1;80;1
1738218;2;1;2;3;21450168;40;1;82;0
1773370;2;1;2;4;51130033;40;1;69;1
1722485;1;1;2;1;93240137;60;517;25;1
1784572;1;1;2;6;84110003;40;1;16;0
1729905;1;1;2;6;66330107;100;517;23;1
265481;1;3;1;2;1761300094;20;1;18;1
265393;1;3;1;2;1213400091;3;1;44;1
253599;1;3;1;2;1413101070;16;1;69;1
265944;1;3;3;2;1224200361;20;1;56;1
265492;1;3;1;2;1213400091;3;1;37;1
264969;1;3;1;2;1213400091;3;1;42;1
259651;1;3;1;2;1413101210;39;1;8;0
266639;1;3;1;2;1525100294;16;1;37;1
252663;1;3;1;2;1132100019;20;1;35;1
258097;1;3;1;2;1525100211;12;1;57;1
250941;1;3;1;2;1525100149;20;1;38;1
253906;1;3;1;2;1525100149;20;1;38;1
